age,income,gender,time_spent,preferred_platform,interests,demographics,posts_per_week,exercise_hours
51,94413,1,4.5,0,0,0,7,5.5
64,87851,1,1.0,0,1,1,14,8.0
41,68087,1,4.5,1,2,2,1,10.0
27,30988,0,5.0,1,3,1,3,7.0
55,79214,2,1.0,1,0,2,11,4.5
20,28156,0,4.5,2,2,0,12,1.0
33,58602,0,3.0,2,0,1,4,9.5
51,98901,1,4.5,3,0,1,13,9.5
31,31682,0,3.0,1,4,0,0,5.5
35,72196,0,3.0,3,1,2,5,0.0
23,28698,0,1.0,1,4,1,1,0.0
23,20626,0,4.0,0,5,1,13,4.5
36,47424,0,1.5,2,1,0,4,8.5
65,42857,2,3.5,2,0,0,14,7.0
48,94923,0,2.5,4,2,1,5,0.5
52,69982,1,1.5,3,3,0,10,8.0
36,51425,1,0.5,4,1,0,7,3.5
15,16980,1,4.0,4,5,1,8,10.5
34,45522,0,1.5,2,0,1,12,10.5
65,56431,1,1.0,2,3,1,14,4.0
14,18056,1,0.5,2,1,0,11,10.0
36,57175,1,2.0,4,4,0,5,9.5
56,88651,1,4.0,3,4,0,4,5.0
42,66385,1,1.5,0,1,1,11,2.5
50,88158,0,0.5,3,1,1,3,6.5
14,21635,1,2.0,0,1,2,1,0.0
33,48639,1,4.5,1,3,1,1,3.0
45,69994,1,0.5,0,4,0,6,4.0
24,16607,2,1.0,2,2,0,4,5.0
34,51563,0,4.5,4,5,1,6,7.5
56,79341,2,1.0,1,5,1,12,9.0
37,45776,0,1.5,0,0,1,10,0.5
61,76444,0,3.5,1,6,1,0,7.0
39,43380,0,1.5,2,2,0,0,1.0
54,58711,0,4.5,1,4,1,4,1.5
40,48782,1,3.0,1,0,1,1,9.5
28,47434,0,1.5,0,0,0,7,10.5
27,43997,0,4.5,1,1,1,13,3.0
59,60017,1,0.5,1,6,0,14,5.5
63,70707,1,5.0,3,4,1,2,1.5
56,79110,1,1.5,0,6,1,0,4.5
64,57343,1,0.5,2,2,1,12,2.5
15,21059,1,1.0,0,6,1,1,10.5
49,91652,0,4.0,1,0,2,9,6.5
63,45655,0,3.5,1,6,0,9,1.0
19,27091,1,1.0,3,6,1,6,8.0
33,50857,0,1.0,4,5,1,5,5.0
21,17946,1,4.5,4,4,1,11,4.5
51,65251,0,3.0,2,4,1,7,10.0
30,54109,0,2.5,1,0,1,6,4.5
16,15526,1,5.0,3,3,0,13,4.5
37,43224,1,3.0,2,6,2,9,1.0
26,45069,1,4.5,0,6,1,12,7.0
62,51536,1,3.5,3,1,0,7,8.0
21,27157,0,5.0,1,4,2,2,8.5
38,53547,0,5.0,0,6,1,5,9.0
65,64531,1,4.5,1,4,2,12,9.0
14,23712,1,2.0,1,6,0,6,5.5
32,35797,0,1.0,2,5,1,14,2.0
40,49208,1,4.0,0,0,2,9,7.5
59,45109,0,2.0,0,4,1,10,7.0
19,21644,0,4.5,0,2,1,0,7.0
56,89268,0,2.0,2,0,0,0,2.5
20,17433,1,4.0,3,1,1,6,5.5
59,56967,1,4.5,1,0,1,12,0.5
47,79759,0,4.5,0,6,1,10,9.5
26,50172,1,5.0,0,1,0,12,4.0
29,57344,0,2.0,4,0,0,2,1.5
48,86935,0,0.5,1,1,0,2,2.0
62,66589,0,1.5,1,2,2,14,10.0
52,80015,0,4.5,0,0,1,4,3.5
16,27625,0,2.0,3,4,1,14,10.5
14,16389,1,2.5,2,4,0,10,4.5
18,26758,1,3.5,0,3,0,5,3.0
54,91125,1,2.5,0,6,1,1,10.5
16,24759,0,2.0,1,1,1,2,6.5
41,46154,0,1.0,3,3,2,5,2.0
30,51804,0,1.0,4,3,2,2,7.5
38,60581,0,2.0,2,5,0,13,7.0
56,70087,1,5.0,3,1,1,4,2.0
46,99930,0,5.0,0,3,2,8,1.0
22,15213,1,4.5,2,5,2,11,4.5
48,53762,1,4.0,2,3,0,2,2.0
26,43399,0,1.5,0,6,2,11,7.0
43,49768,1,4.5,4,2,2,10,8.5
60,83408,1,2.5,0,5,2,12,3.5
27,36731,1,1.5,1,2,2,12,10.0
20,26128,1,2.5,2,1,0,5,0.5
26,49501,0,5.0,2,6,0,10,10.5
35,78559,0,2.0,2,5,1,4,3.5
52,98590,0,4.0,0,1,0,4,3.5
33,38783,0,2.5,3,3,0,10,1.5
28,43621,1,5.0,2,4,2,13,9.0
57,69781,0,4.0,1,0,1,13,8.5
30,46019,1,4.5,4,1,0,5,10.0
59,75488,1,2.0,3,2,1,5,0.0
65,38905,0,3.5,0,6,0,0,9.5
36,49127,0,1.0,3,6,0,10,7.0
38,62431,1,3.0,0,1,1,14,8.5
37,46368,1,4.0,0,3,0,8,10.5
57,67424,1,3.5,1,0,1,4,5.5
53,96824,0,3.5,4,2,1,0,0.0
41,58333,0,4.0,0,1,0,7,3.0
27,53116,0,3.5,2,1,1,6,9.0
57,87219,0,2.5,0,4,1,6,0.0
13,22833,1,3.5,3,6,1,14,3.0
37,55525,1,5.0,2,2,1,13,0.5
19,22014,1,1.5,2,0,0,4,3.0
21,15089,1,2.5,0,6,1,0,9.0
36,50361,1,3.5,3,1,2,8,6.0
13,27430,0,4.5,4,6,1,10,2.0
56,43041,0,1.0,2,6,1,8,9.0
20,15105,1,2.0,1,5,1,7,0.0
36,49078,0,3.5,4,6,0,4,0.0
23,23619,1,0.5,0,3,0,13,8.5
63,46090,1,1.0,3,6,2,2,0.0
29,54892,0,4.5,4,3,0,7,2.0
20,21082,1,5.0,0,2,1,0,4.0
47,99786,1,3.5,1,6,0,2,5.5
47,51925,1,5.0,0,0,2,11,4.0
45,68440,1,3.5,2,3,1,10,8.5
17,21917,1,3.0,2,3,1,6,5.0
54,76015,0,1.5,1,1,0,13,0.0
51,83320,0,5.0,1,2,1,14,9.0
53,75291,1,1.5,1,6,2,3,10.5
40,76679,1,1.0,1,4,1,6,4.5
19,24905,0,3.0,0,0,1,11,0.5
21,29171,0,2.0,4,1,2,10,3.0
20,18389,1,2.5,0,2,2,12,9.5
24,24299,1,1.5,4,3,1,13,0.5
46,63629,1,3.0,2,0,2,4,9.0
45,74826,1,1.5,1,6,1,5,2.5
60,75198,0,4.0,3,4,1,13,4.5
35,66630,0,4.5,2,5,2,6,4.0
36,73226,1,2.0,1,5,0,14,3.5
49,96163,0,4.5,0,2,1,12,5.0
47,82975,0,3.5,1,4,1,9,4.0
56,40899,0,1.5,0,0,0,11,9.5
52,61653,1,3.5,0,1,1,6,9.5
34,57961,1,0.5,1,0,0,6,4.0
39,56405,0,1.5,0,4,0,6,3.5
47,58601,0,3.0,1,3,1,10,7.0
13,15894,1,2.0,0,5,0,12,0.5
47,83282,2,3.5,0,2,2,12,0.0
49,71288,0,1.5,0,6,1,6,4.0
59,69545,1,0.5,4,0,1,2,4.0
26,34109,0,4.5,0,5,1,14,6.0
15,28258,1,3.0,2,1,0,11,3.5
13,22179,0,4.0,0,2,2,2,10.0
17,25326,0,1.5,4,6,1,6,2.0
38,41560,1,4.0,0,0,1,13,1.0
26,43612,1,1.0,4,1,1,1,10.0
51,67650,0,2.0,2,6,0,13,1.5
39,66745,1,1.5,0,3,1,1,8.0
21,18638,0,5.0,4,5,2,2,7.5
27,55325,1,0.5,2,3,1,13,7.5
27,49811,0,3.5,1,5,0,3,9.5
38,44780,1,5.0,3,1,0,5,1.0
54,68311,0,1.0,4,3,0,12,2.5
25,58380,1,2.0,1,5,1,7,0.0
63,84662,1,4.5,1,2,0,9,10.0
44,42356,1,3.0,3,1,1,9,7.5
51,54790,1,4.0,2,5,1,6,7.0
61,66911,1,1.0,4,0,0,3,3.0
64,89458,0,3.5,2,5,0,1,0.5
44,64363,0,3.0,0,3,1,1,4.5
16,18665,1,4.5,4,2,1,14,7.0
42,50181,0,3.5,0,6,2,3,2.5
49,89825,1,0.5,1,6,2,5,0.5
35,56082,2,4.0,2,5,1,2,8.0
51,50661,0,5.0,2,6,0,5,0.0
57,77412,1,1.5,0,5,1,4,0.0
27,45711,0,1.0,3,2,0,4,1.5
55,42920,1,1.5,1,6,2,1,9.5
41,65658,0,3.0,1,3,1,7,7.5
48,98770,0,1.5,3,3,0,4,3.5
25,57547,1,5.0,1,0,1,10,0.0
44,54025,1,2.5,0,5,0,1,9.0
19,23946,1,3.0,0,6,0,6,5.0
63,68706,1,4.0,4,3,2,12,8.0
34,42732,0,3.5,0,4,1,14,4.5
40,79004,1,4.0,1,2,1,8,5.5
14,21078,0,1.5,2,2,1,8,4.0
54,96286,1,2.0,1,4,2,0,3.0
57,73120,1,3.0,0,4,0,6,5.5
65,60027,1,3.5,2,0,0,8,7.0
18,27080,1,4.5,1,2,1,5,3.5
40,47005,0,0.5,4,2,2,0,8.0
40,40956,1,4.0,0,6,2,1,2.0
56,74839,0,4.0,1,5,0,3,6.5
56,48595,1,3.0,1,1,1,13,0.5
32,45140,0,2.0,1,2,1,3,7.5
42,52803,1,1.5,2,2,0,1,8.0
23,25971,1,1.5,0,1,0,7,1.0
40,65963,0,3.0,0,2,1,1,0.0
37,76221,0,4.0,3,6,0,2,8.5
51,89443,1,3.5,2,6,1,13,8.5
45,83723,0,0.5,1,1,0,3,1.5
13,21295,0,3.0,0,3,0,8,7.0
39,55282,0,3.5,0,2,1,9,9.0
64,44703,0,3.5,0,3,0,0,9.0
25,36563,1,4.5,0,2,1,7,4.5
53,75849,1,5.0,2,5,1,11,2.0
15,20631,0,2.5,4,2,2,14,9.0
51,62003,0,0.5,1,6,1,13,5.0
18,25817,0,1.0,1,0,1,4,3.0
20,25574,0,2.0,0,4,1,6,2.0
39,66017,0,2.5,1,0,1,7,9.5
21,26171,0,4.5,0,0,1,14,5.5
49,95350,0,0.5,4,0,1,4,9.0
45,62201,1,1.5,2,4,0,7,7.0
63,69426,0,2.5,4,3,1,9,5.5
54,67778,1,1.5,4,4,0,10,1.5
56,85241,1,2.0,1,3,1,7,5.5
36,61116,1,1.5,2,4,1,8,8.5
27,59963,1,2.0,0,4,1,1,8.0
44,73297,1,0.5,1,2,2,2,9.0
44,59342,1,4.0,4,3,0,0,7.5
36,67490,1,2.0,0,2,0,3,5.0
53,69975,1,3.5,4,5,1,14,0.5
64,66723,1,1.0,1,2,2,14,7.5
61,63279,1,1.0,4,0,1,4,0.0
61,52765,0,3.0,4,1,1,10,8.0
64,86678,0,1.0,2,1,0,0,8.5
24,26561,0,3.0,2,6,1,7,6.0
51,91899,1,1.0,1,6,2,1,2.0
14,15525,1,2.0,3,2,1,0,2.5
15,21477,1,3.5,4,4,2,1,0.0
61,89153,1,4.0,3,4,0,14,4.5
49,83142,0,1.5,2,1,0,12,2.0
61,66916,0,4.5,2,0,1,4,0.0
29,42197,1,1.0,3,3,1,8,5.0
61,44648,1,4.0,2,0,2,8,3.0
14,17365,2,4.0,3,0,1,1,8.5
14,16525,0,2.0,2,2,0,1,10.0
40,70523,1,0.5,0,2,2,2,9.5
35,69052,1,0.5,1,5,1,6,10.0
49,84414,1,1.0,1,0,0,10,4.5
44,72781,1,4.5,0,4,0,2,7.0
45,54599,1,1.0,0,4,1,0,1.5
13,17278,0,1.0,2,0,1,13,7.5
31,44296,1,3.0,0,2,1,13,7.0
14,18155,1,3.5,1,2,1,13,7.0
65,33814,1,3.5,3,5,0,5,5.5
56,85893,1,4.5,4,5,1,2,3.5
38,75984,0,3.0,3,6,2,0,3.5
44,66616,0,4.0,4,1,1,13,8.5
18,23219,2,3.0,2,0,0,12,2.5
44,42113,1,1.0,1,4,0,3,2.0
16,24444,1,0.5,2,0,1,12,0.5
23,19356,0,2.5,3,5,1,0,5.5
29,40238,1,4.5,1,5,0,0,1.5
50,63760,1,4.0,0,6,2,11,6.0
36,61927,1,2.0,3,1,1,1,8.0
17,19555,0,2.5,0,6,1,9,7.5
64,72419,1,2.5,2,4,1,7,4.0
46,62588,1,3.0,0,1,1,1,0.0
18,22062,0,1.5,2,3,0,10,7.0
34,33374,1,2.5,2,0,2,1,5.5
23,21430,1,1.0,0,6,1,14,2.0
60,84738,1,5.0,1,5,2,10,8.5
28,30629,1,0.5,2,6,1,10,9.5
45,66653,0,0.5,3,3,0,9,0.5
21,25831,0,5.0,4,6,1,9,1.5
18,25185,0,3.5,1,0,1,7,7.0
28,35724,0,1.0,3,3,1,11,2.5
41,51083,1,2.0,1,5,1,5,10.5
15,28149,0,2.5,1,5,0,11,5.5
32,49816,1,3.5,0,2,0,10,8.5
48,92240,2,1.0,2,3,1,3,9.5
31,36276,1,3.0,1,2,2,2,1.5
38,78663,1,0.5,0,2,1,0,0.0
15,28994,1,3.5,2,0,0,10,7.0
31,53499,1,4.5,3,6,1,2,8.5
32,53040,0,2.5,1,5,1,11,6.5
44,56959,0,2.5,0,5,1,13,1.0
19,22029,1,2.0,1,6,0,8,7.0
64,46099,1,1.5,1,5,0,4,2.0
53,92267,1,4.5,2,6,1,12,10.5
45,69576,1,2.5,1,3,1,5,1.0
52,85946,1,4.0,2,0,1,4,10.5
51,56116,0,4.5,4,0,0,0,3.0
30,45563,2,2.5,0,4,0,9,2.5
52,76788,1,5.0,4,0,1,0,10.5
13,25544,0,4.5,1,6,1,3,0.0
23,18568,1,1.0,1,4,0,14,9.0
40,49847,0,4.5,1,6,1,2,3.0
37,66155,1,2.0,0,1,1,10,1.5
62,54135,1,3.0,0,4,1,7,5.5
35,57774,0,3.0,1,5,1,11,9.5
43,41742,1,3.0,3,5,0,11,8.5
42,58309,1,1.0,4,1,0,6,4.0
54,50619,0,3.5,2,1,1,14,9.0
47,67658,0,3.0,0,0,0,10,10.5
19,15956,1,0.5,2,1,1,14,1.5
28,31939,0,1.0,2,6,2,6,0.0
38,60337,0,3.5,3,2,0,14,4.0
60,56001,0,0.5,3,6,0,7,7.0
64,40968,0,0.5,4,4,1,13,10.5
61,87614,1,0.5,1,1,1,9,3.5
14,24508,1,4.0,2,5,1,6,7.0
13,24235,0,2.0,1,6,0,9,7.0
60,40281,1,2.0,4,5,1,1,8.5
24,26036,0,1.0,0,6,2,3,3.0
17,21262,1,0.5,0,5,2,14,10.5
49,51058,2,5.0,0,3,0,10,8.5
44,60677,0,4.5,3,6,2,5,7.5
21,25724,1,3.5,1,4,1,2,0.5
53,78404,1,2.0,1,5,1,14,1.5
47,87946,0,3.0,4,2,1,2,9.5
31,36980,0,1.0,4,4,0,14,7.5
60,69856,0,3.5,1,0,1,5,1.0
28,39200,1,1.0,0,6,2,0,0.5
15,16229,2,5.0,3,2,1,13,1.0
32,55611,1,4.0,4,0,1,0,2.0
36,75057,1,4.0,2,6,2,4,0.5
45,51239,1,0.5,2,2,1,0,9.0
36,78138,1,4.0,1,2,1,9,9.5
64,88938,1,1.0,3,4,0,7,0.5
23,15125,0,3.0,2,3,1,1,0.5
61,85272,1,0.5,2,2,1,5,10.5
20,22473,1,2.5,0,3,1,9,9.5
48,65398,0,3.5,4,1,1,9,8.5
50,56638,1,5.0,2,4,2,4,9.5
52,56570,0,0.5,0,5,2,9,10.0
32,33249,1,1.0,2,4,1,11,6.5
47,59110,1,3.5,2,0,1,11,7.0
60,80363,0,3.0,2,5,1,3,5.5
37,53605,0,1.5,3,5,2,0,5.0
47,62115,0,5.0,2,3,1,13,5.0
37,79062,1,1.0,4,5,1,13,3.0
41,62911,0,5.0,0,2,0,2,5.5
30,35757,1,2.0,0,3,2,12,7.5
58,72556,0,1.5,0,5,1,11,2.0
30,42595,2,3.5,2,3,1,3,0.5
14,28647,1,4.0,2,1,1,1,10.5
47,51969,1,1.0,4,3,1,11,7.5
28,40985,1,5.0,3,6,0,1,7.0
53,67275,1,3.5,2,2,0,1,5.0
48,54470,1,4.0,4,0,0,10,2.5
45,60225,0,3.0,1,6,1,0,6.0
16,24556,0,3.0,3,6,1,9,9.0
45,91974,0,5.0,1,6,1,1,4.5
26,39991,0,0.5,2,5,1,5,9.0
33,53196,0,2.0,3,3,0,2,2.0
60,80287,1,0.5,2,3,1,9,10.0
32,43669,2,2.0,0,4,1,4,3.0
20,19612,0,1.0,1,5,1,0,5.0
19,24710,1,2.5,2,2,1,7,6.5
15,27373,0,5.0,3,5,1,12,10.0
29,47582,1,4.5,1,5,2,3,7.5
45,98320,1,5.0,4,5,1,8,8.5
60,87414,1,1.5,1,2,0,3,10.0
24,20238,2,4.0,2,4,1,13,1.5
63,55577,0,1.5,3,2,1,14,0.0
34,57050,1,3.0,2,1,2,14,10.5
34,52473,1,2.0,4,4,1,14,7.0
58,68625,0,4.0,2,1,0,1,6.5
42,55504,1,3.0,2,1,1,2,9.0
50,74089,0,4.0,0,1,0,4,2.0
50,86487,1,0.5,1,3,0,11,1.5
57,40302,0,3.0,1,6,2,9,6.0
63,71463,0,0.5,3,6,2,14,8.5
20,27144,1,0.5,0,1,0,12,5.5
39,69259,1,4.0,0,1,1,12,10.0
39,77208,0,3.5,0,0,0,13,7.0
46,80659,0,1.5,0,6,0,5,4.0
33,33072,1,3.0,1,0,1,6,1.5
42,71890,0,4.5,4,4,1,3,2.0
45,63598,0,3.5,3,0,2,6,4.0
40,59508,1,1.5,3,5,1,14,6.0
59,82287,1,3.0,3,3,1,9,4.5
45,63380,0,2.0,1,4,2,2,7.5
17,25600,1,1.5,4,2,1,6,6.0
60,84633,1,4.5,0,6,1,3,1.5
31,38125,1,5.0,1,1,0,12,10.0
16,18291,1,1.0,2,4,1,12,6.0
47,54033,0,0.5,0,1,0,7,10.0
61,77873,0,1.0,3,2,1,8,3.5
29,47087,0,3.5,1,4,1,6,6.0
56,80901,1,5.0,3,6,1,7,7.0
40,45704,0,0.5,1,4,2,7,9.5
42,47848,1,3.0,0,1,1,1,9.5
41,61592,0,3.5,3,1,1,8,6.0
58,85743,0,4.5,1,5,1,5,2.0
65,36924,1,4.0,1,0,1,10,10.5
18,25824,0,3.0,0,4,1,3,10.5
47,69614,0,1.5,2,1,1,14,2.5
53,50488,1,4.0,2,3,0,4,2.0
49,89882,0,3.5,1,6,1,9,6.0
36,65923,1,1.5,4,3,0,4,2.0
41,75941,1,4.5,4,2,0,6,6.0
61,69165,0,1.0,3,4,1,13,9.5
58,41667,1,1.5,3,5,1,8,3.5
65,56213,1,1.0,1,6,0,6,4.0
43,44114,0,0.5,2,5,0,8,10.0
47,86321,0,2.0,0,0,1,3,9.0
45,57761,0,2.5,0,1,2,9,9.5
64,71116,1,3.0,4,6,1,13,7.0
33,31000,0,2.5,2,2,1,9,10.5
44,65426,1,0.5,1,4,1,3,4.5
35,57772,1,1.5,1,0,2,5,5.0
45,88218,1,0.5,2,0,0,7,2.0
15,18712,0,2.5,0,5,0,13,4.0
30,31367,0,2.5,0,0,1,8,5.0
37,66200,1,3.0,0,6,1,0,9.0
54,53726,0,4.0,1,5,1,0,0.5
43,63616,0,5.0,2,0,2,12,2.5
15,26339,0,0.5,0,4,1,7,10.0
52,87574,0,2.0,3,2,1,10,0.0
58,74958,1,5.0,0,4,1,6,1.0
36,49108,0,0.5,2,3,2,8,1.0
62,52178,0,4.5,4,6,1,10,6.5
44,75643,0,3.5,2,2,1,2,9.5
59,71324,1,3.5,4,2,1,9,10.5
34,35592,1,2.5,4,5,2,11,2.0
35,57824,0,3.5,1,1,2,4,8.0
14,27592,1,1.0,3,5,0,2,7.0
39,48927,1,2.0,4,6,1,14,2.5
54,78144,1,3.5,1,6,1,4,6.5
14,29626,1,1.5,1,5,2,9,6.5
38,62443,0,1.0,4,1,1,0,8.0
29,44437,0,5.0,3,4,1,13,3.5
52,94298,0,1.0,0,5,1,10,3.5
45,89778,0,0.5,1,6,2,3,9.0
21,26207,2,2.5,3,1,1,5,4.0
55,65537,0,3.0,2,6,0,1,5.0
60,75757,0,3.0,2,1,2,12,6.0
51,62040,1,4.5,3,1,1,6,6.0
41,62612,1,2.0,2,5,1,7,9.0
54,78441,0,0.5,2,5,2,0,10.0
38,46471,0,3.0,3,5,2,12,9.0
47,85631,0,2.5,3,1,2,3,2.0
62,83461,1,5.0,2,1,0,10,7.5
37,66523,0,3.0,1,6,1,3,4.0
36,71348,0,1.5,1,2,2,12,9.5
25,31177,1,1.0,4,5,1,4,10.5
19,19760,0,3.0,0,3,2,13,1.0
48,82779,1,0.5,1,6,2,11,9.0
57,61636,1,3.5,1,6,0,11,2.0
32,46353,0,3.5,3,0,2,3,3.5
13,19399,1,5.0,0,5,0,8,6.5
20,26556,1,3.5,1,4,1,6,1.0
58,67598,0,5.0,0,6,0,12,6.0
28,41563,1,0.5,3,0,1,1,5.0
26,44051,1,2.0,0,3,0,0,3.5
24,26022,1,3.5,1,3,1,8,9.0
63,48234,0,4.5,1,4,1,0,4.5
35,65519,2,2.5,4,5,2,5,8.5
27,56966,0,1.0,1,1,2,14,8.5
40,56173,0,3.5,0,0,1,14,3.0
46,76987,0,5.0,2,1,0,1,7.5
14,28178,0,0.5,4,3,0,3,2.5
44,79338,1,3.5,2,3,2,5,7.5
35,64596,0,3.0,4,2,1,4,7.5
34,30406,0,3.5,3,2,0,10,0.0
63,81974,1,5.0,0,4,2,5,9.0
37,44431,0,1.5,2,2,1,2,1.0
34,56414,0,1.5,1,2,2,4,2.5
34,57764,0,3.5,2,4,2,1,1.5
61,61627,0,1.0,1,6,2,6,1.5
64,79310,0,0.5,1,2,1,2,1.5
54,58906,1,4.5,4,6,1,0,4.5
18,19146,0,4.5,0,6,2,13,4.0
27,42046,0,3.5,4,5,1,7,3.5
55,85379,1,3.5,0,6,0,7,9.0
49,63076,1,1.5,0,6,1,2,8.0
45,99292,0,5.0,4,2,1,12,8.0
20,27757,1,1.0,2,6,1,6,0.0
65,67650,0,3.5,3,1,0,8,9.5
56,86881,1,4.5,0,4,1,7,6.5
56,86413,1,0.5,2,2,0,2,10.5
17,21012,0,2.0,3,4,0,14,9.5
51,57151,1,3.0,2,0,0,12,5.0
16,23564,0,3.5,1,2,0,1,1.0
18,26827,1,5.0,4,6,1,12,3.5
57,67117,0,3.5,2,1,1,9,10.5
44,76378,1,5.0,4,4,1,6,4.5
64,82652,1,1.0,3,2,0,6,8.0
42,46894,1,2.0,3,1,0,8,3.5
59,53467,0,2.5,0,4,1,4,10.5
47,81010,1,0.5,1,0,1,3,0.0
52,99257,1,0.5,4,3,0,7,9.5
64,82641,1,5.0,0,0,1,13,10.0
28,42289,1,1.5,0,3,2,3,3.0
25,42208,1,5.0,1,5,1,3,4.0
62,83596,0,1.5,0,3,2,11,5.5
54,73171,0,4.0,4,5,1,13,10.5
42,74905,1,4.5,4,2,1,11,4.0
31,57992,0,0.5,1,5,1,1,9.5
29,50829,2,1.0,0,1,1,12,1.0
31,49914,1,5.0,3,5,1,14,1.5
40,74054,1,1.0,2,1,1,0,4.5
38,69734,0,2.0,4,4,0,3,1.5
49,57052,1,1.0,2,4,1,6,10.5
38,43654,1,3.5,1,3,0,11,4.0
65,53486,1,4.5,2,3,1,8,10.5
35,58743,1,3.5,4,3,2,8,0.0
21,23105,0,3.0,2,5,0,11,2.0
24,23636,1,5.0,2,3,1,9,4.0
65,36441,1,0.5,0,5,1,14,2.0
13,20047,0,5.0,3,5,1,0,2.5
13,23227,0,4.5,3,6,1,4,9.0
59,82435,1,2.5,1,6,0,6,3.5
46,62149,1,2.5,1,5,0,12,4.5
44,74566,2,3.0,1,4,2,6,5.0
60,82368,1,4.5,1,1,0,9,6.0
37,61675,0,4.0,0,2,2,5,9.5
52,55495,0,4.0,1,0,2,10,1.5
57,82668,0,4.0,2,6,2,9,5.0
65,43673,0,0.5,0,5,1,3,5.5
13,29894,0,0.5,1,0,1,2,2.0
28,41130,0,4.0,4,6,1,11,4.5
51,72668,0,2.5,2,2,0,12,3.0
17,22285,1,4.5,2,1,1,8,10.0
34,31300,0,1.0,1,5,1,14,4.0
41,63253,1,4.5,2,2,1,11,4.0
15,24435,1,4.0,0,4,1,12,4.5
24,27168,0,4.5,3,6,0,9,4.5
38,77384,0,2.0,0,5,1,3,0.5
28,46393,0,0.5,2,0,0,7,1.5
63,50617,0,0.5,1,4,0,12,3.5
49,88520,1,2.5,3,4,1,0,6.5
34,39852,0,1.0,2,3,0,6,8.0
41,71401,0,4.0,1,1,0,11,6.0
26,57207,0,5.0,0,4,1,5,10.0
40,46295,2,2.5,2,6,1,12,8.5
17,19815,1,2.5,4,1,1,11,8.5
59,75993,1,1.0,3,5,0,0,6.0
61,74084,0,3.5,0,3,0,14,3.5
42,79575,1,4.0,1,2,1,3,5.5
58,76451,1,5.0,4,1,1,11,10.0
64,47227,1,0.5,2,0,1,14,0.0
17,18273,2,1.0,2,6,2,13,9.5
24,22000,0,5.0,4,0,1,4,8.5
28,30145,1,2.0,4,1,2,10,1.0
38,77778,1,2.5,2,3,1,7,5.5
38,56035,0,1.0,1,2,0,14,9.0
60,43040,0,0.5,1,2,0,3,6.0
33,39654,2,4.5,3,0,0,2,4.5
51,76160,0,0.5,1,5,1,1,7.0
48,99634,1,2.0,0,5,0,3,9.5
45,67633,2,1.0,1,3,1,10,0.5
42,69344,1,2.0,0,2,1,9,9.0
49,67014,0,4.0,2,0,0,13,1.0
35,54996,1,4.0,2,0,2,12,6.5
22,23853,0,4.5,1,0,0,3,3.0
17,26695,1,2.5,1,1,1,12,3.5
48,52852,0,3.5,4,3,0,9,5.0
46,66014,1,1.5,0,5,0,4,10.5
64,67042,1,5.0,3,5,2,12,9.5
43,73755,1,2.0,4,1,2,6,2.5
22,22622,1,5.0,1,6,0,8,5.0
31,53711,1,4.5,2,1,1,1,8.0
44,66122,1,5.0,4,3,0,4,4.5
13,23841,0,5.0,0,0,0,10,8.0
17,24160,1,0.5,2,1,2,9,10.0
57,67213,0,1.0,1,0,1,8,0.5
16,16100,1,2.5,1,3,1,11,2.5
28,36652,0,1.5,3,4,1,13,2.0
36,47421,0,1.0,4,3,0,12,1.5
28,51400,1,0.5,3,2,2,2,0.5
14,15769,0,5.0,0,0,1,0,5.5
61,57727,0,1.5,0,5,0,1,1.0
40,44358,1,0.5,2,1,0,13,2.5
44,68482,1,0.5,0,4,0,5,6.5
39,72117,1,0.5,2,3,1,4,3.5
32,53164,0,4.0,2,0,2,0,10.0
36,71910,1,1.5,2,4,1,0,10.0
24,27200,0,0.5,2,6,0,10,6.5
62,72496,1,3.5,1,2,1,3,1.0
47,94311,1,5.0,0,6,1,11,7.5
45,79371,1,1.5,1,3,2,14,7.0
45,88467,0,4.0,2,6,1,3,3.0
63,57625,0,2.0,2,6,1,14,7.0
55,73893,0,2.0,3,2,0,5,6.0
49,60793,0,2.5,3,2,0,5,2.5
24,29623,0,3.0,4,2,0,9,7.0
15,24382,1,3.5,1,4,1,13,8.0
13,21764,0,2.0,0,2,1,5,1.5
45,62323,1,4.0,1,6,1,0,10.5
52,95799,0,3.0,3,5,1,9,10.5
22,29052,1,0.5,1,5,2,8,6.5
55,85408,1,0.5,3,2,1,10,7.0
56,47843,0,4.5,2,4,1,6,5.5
41,54210,0,5.0,4,1,1,6,9.0
25,46456,1,3.0,4,0,1,10,10.5
24,29983,0,5.0,0,3,0,6,4.5
43,50106,1,4.0,1,4,0,1,2.5
58,77957,1,3.5,2,1,1,1,4.0
14,17472,1,3.0,1,3,1,5,0.5
63,89859,0,2.0,1,1,1,6,1.5
62,46704,1,3.5,2,1,0,2,4.0
47,53713,1,4.5,0,5,0,12,7.0
35,45051,1,5.0,2,0,1,3,6.0
29,40756,0,5.0,2,1,1,13,9.5
38,42475,1,3.5,0,2,0,11,3.5
20,18610,1,0.5,1,3,2,2,9.0
41,44255,1,5.0,1,4,2,6,9.0
38,54484,0,4.5,3,5,1,6,7.5
22,26015,1,2.0,0,3,1,3,5.0
38,74503,0,1.5,4,2,1,12,4.5
46,58258,1,2.0,1,2,0,6,3.5
63,80747,1,2.0,0,1,2,4,0.0
53,85196,1,5.0,1,2,1,0,4.5
19,27345,1,1.0,1,0,1,9,8.5
16,22426,0,0.5,1,2,1,3,1.0
65,38533,2,5.0,2,1,1,6,5.0
62,72581,0,0.5,2,3,1,12,8.5
57,45249,1,4.0,0,2,0,14,1.0
23,25966,1,1.0,0,5,1,1,3.5
41,59201,1,5.0,3,4,1,1,6.5
48,59686,0,2.5,2,5,0,0,2.5
37,72007,1,2.0,1,5,1,1,7.0
33,30661,1,4.0,3,3,1,9,6.5
48,94843,0,1.0,1,6,1,13,3.0
22,28753,1,5.0,3,4,2,7,4.5
49,97556,0,4.5,1,5,0,10,7.0
21,25060,0,3.5,0,5,1,7,4.5
36,50526,0,3.5,4,6,0,7,10.5
47,53374,0,0.5,1,3,1,14,8.0
61,65592,1,1.0,3,4,0,0,9.0
47,78982,0,2.0,1,5,0,0,8.0
60,40207,0,2.0,2,1,2,11,5.5
48,85433,0,1.5,4,3,1,9,7.0
30,48877,1,3.5,0,4,2,3,5.5
61,63197,1,4.0,3,5,2,5,4.0
51,83400,0,1.0,2,5,2,7,2.0
44,43083,0,2.0,2,6,0,12,1.5
36,69328,1,1.5,2,4,1,1,5.5
35,60103,0,1.0,4,1,1,12,7.5
44,79891,1,3.0,0,3,1,2,4.0
49,60754,0,2.0,1,2,1,5,1.0
24,16679,1,3.0,4,0,0,9,10.0
61,55901,0,1.0,3,1,0,3,1.0
25,30236,1,2.0,0,2,2,11,8.5
35,47446,0,3.0,2,1,1,1,8.0
37,77211,2,2.5,2,4,1,6,4.5
47,98231,0,1.5,1,2,0,3,0.5
53,79301,1,4.0,1,4,1,7,5.0
42,66116,0,3.5,2,2,1,7,1.0
29,52483,0,1.5,0,1,2,6,0.5
61,81323,1,3.0,3,6,0,9,4.0
32,48752,0,2.0,3,1,1,8,9.0
60,72376,1,2.5,1,4,2,3,0.5
37,56669,1,2.5,1,1,0,6,9.0
34,30148,1,3.5,1,2,0,9,0.5
25,43395,0,2.5,1,0,2,9,7.0
31,50421,1,1.5,3,2,1,14,10.0
61,66342,0,5.0,1,5,0,11,1.0
48,54895,1,2.5,2,1,1,0,2.0
24,20280,1,3.5,1,3,1,3,5.0
53,61023,1,2.5,1,1,2,1,3.0
31,40699,1,2.5,0,6,0,8,2.5
24,24715,1,4.5,0,4,0,4,6.5
21,17785,0,1.5,0,3,2,2,0.0
19,25748,1,3.0,1,2,2,3,8.0
40,56163,0,0.5,4,6,2,5,8.0
26,50960,1,5.0,3,1,1,9,6.5
43,45782,1,2.5,1,2,1,0,4.5
64,62641,1,4.0,0,2,1,6,3.5
31,56177,0,2.5,0,5,1,7,3.5
59,58792,1,4.5,1,5,1,6,6.5
28,46724,0,3.0,1,0,0,6,3.0
65,65585,0,4.0,1,5,0,8,2.5
17,29298,0,5.0,0,4,2,12,1.5
47,97864,0,4.0,0,3,0,3,0.0
24,17496,0,1.5,0,2,0,13,7.0
37,78067,1,3.5,0,5,1,6,7.0
64,82685,0,3.5,3,0,1,8,0.0
33,53958,0,5.0,0,1,1,14,9.5
48,68073,1,3.0,1,3,0,4,1.0
65,66035,0,3.5,2,5,1,1,2.0
35,77174,1,1.0,4,2,0,14,2.0
28,54837,1,4.5,4,1,0,4,1.5
51,67826,1,5.0,3,4,1,3,8.0
57,64981,1,5.0,0,2,1,7,10.0
65,40382,1,0.5,2,1,1,14,9.5
54,54437,1,0.5,3,4,1,4,6.5
51,55435,0,1.5,0,4,0,8,3.5
26,54819,1,1.5,2,3,0,8,0.5
43,76875,0,0.5,4,2,0,2,3.5
17,15560,1,3.5,1,5,2,12,0.0
47,62329,0,2.0,0,5,0,9,1.5
35,65169,1,5.0,0,0,2,14,9.0
41,61932,0,1.0,1,1,1,5,2.0
55,74594,1,5.0,0,0,0,5,2.0
23,26421,0,2.5,2,6,1,3,10.0
30,57863,1,3.0,3,5,1,10,9.5
59,85033,1,4.5,0,1,1,12,9.0
24,28981,0,2.0,4,3,0,9,5.5
21,22629,1,1.0,1,0,1,2,9.5
22,23325,1,2.5,0,3,1,0,0.0
56,68495,1,1.5,3,3,2,11,3.0
29,59619,0,1.0,3,3,2,6,8.0
50,90461,0,0.5,2,0,0,14,0.5
19,23264,0,5.0,4,6,0,14,5.0
58,52686,0,1.0,3,4,2,4,3.0
25,43716,1,3.0,4,4,0,13,8.0
52,74226,0,4.0,1,0,1,9,1.0
54,56721,1,1.5,3,4,2,14,10.5
21,22002,0,4.5,4,2,0,6,2.5
62,60609,1,4.5,3,4,1,0,10.5
39,47373,1,1.0,0,5,1,7,5.0
14,20907,1,4.0,2,0,1,2,8.5
17,21097,0,5.0,2,4,2,6,8.5
41,68937,0,2.5,0,0,1,11,10.5
49,55656,0,2.0,4,6,2,2,4.5
50,58984,0,5.0,0,2,2,13,2.0
31,59984,0,2.5,0,0,0,2,10.0
20,19259,0,2.0,4,5,0,9,10.5
60,48286,0,4.0,1,4,1,8,7.0
57,45901,1,2.0,0,5,1,12,10.0
13,24325,0,5.0,2,4,1,1,9.5
34,34917,1,3.0,2,0,0,13,1.5
64,48429,0,1.0,0,3,1,3,10.0
29,44716,1,2.5,4,4,1,5,10.0
19,26138,1,3.0,2,3,1,13,0.0
37,75298,1,2.5,2,2,2,2,7.0
57,63429,1,1.0,2,5,1,11,8.0
16,16048,0,3.5,2,3,2,9,9.0
48,55772,1,2.0,1,5,1,13,6.5
18,17529,0,4.0,1,4,0,9,9.0
43,75732,0,3.5,2,4,1,6,8.5
31,37137,1,3.5,3,2,0,6,0.5
56,57347,1,4.5,0,4,0,14,2.5
51,66920,0,0.5,2,2,1,4,6.0
39,71822,1,5.0,3,3,0,2,8.0
22,28891,1,3.0,0,4,0,1,2.5
38,63563,0,3.0,0,0,0,14,10.0
31,37967,0,3.0,1,1,0,14,10.5
51,95183,0,3.0,2,6,1,3,2.0
15,26871,0,5.0,0,1,0,13,3.0
57,68763,0,3.5,1,1,2,14,0.0
25,41916,0,5.0,2,5,2,12,6.0
62,48734,0,3.0,2,2,2,3,9.0
40,73613,1,0.5,1,5,1,10,10.5
32,58179,1,1.5,1,3,0,7,0.0
40,75262,2,1.0,3,6,0,7,6.0
20,27677,0,3.0,4,3,1,12,5.0
53,68268,1,4.0,4,0,2,4,3.0
51,62330,1,1.5,2,6,0,12,9.5
13,19349,1,5.0,1,5,1,5,1.0
15,26393,0,4.0,1,4,1,7,0.0
25,35179,1,4.0,0,4,2,14,3.5
40,67286,0,2.5,0,5,1,0,8.0
61,46610,0,4.0,2,3,1,4,6.0
37,46430,1,3.0,1,5,1,3,6.5
45,89922,1,2.5,1,5,1,3,2.0
50,63828,0,4.5,4,1,2,10,10.5
65,61497,1,3.5,0,0,1,1,2.5
18,21488,1,4.0,0,4,0,9,10.5
56,76618,1,0.5,0,1,2,0,2.5
57,89841,1,1.0,2,5,0,13,10.0
44,66526,0,4.0,2,2,1,14,3.5
57,70158,2,4.5,1,1,0,5,6.0
59,65032,1,2.0,2,5,1,6,8.5
33,35078,0,5.0,3,4,1,4,1.5
28,56706,1,5.0,3,5,0,14,8.0
33,42168,1,4.5,4,0,2,7,2.0
23,28410,1,2.0,3,3,0,8,1.0
49,55448,1,5.0,2,6,2,10,1.5
48,78861,1,5.0,0,1,0,10,2.0
47,78141,1,5.0,0,1,0,1,6.5
31,39074,1,4.5,0,1,2,10,7.0
32,36406,1,3.5,2,5,1,12,9.5
30,54975,0,1.0,3,0,1,3,8.0
59,63291,1,4.5,2,5,0,10,2.5
53,91568,0,2.0,0,5,0,8,4.5
61,72003,1,4.0,2,3,1,4,10.5
26,44083,1,3.5,4,2,1,2,7.5
27,31638,1,3.5,2,0,1,5,8.0
43,63312,1,4.0,3,1,0,14,6.5
13,25340,1,0.5,3,6,2,2,9.5
65,31382,0,2.5,4,1,2,13,5.5
15,16403,1,1.0,3,5,0,4,4.0
28,39011,0,1.0,3,0,2,2,7.0
35,43292,0,0.5,0,4,1,5,5.5
23,24011,0,2.5,0,0,1,11,6.5
24,15419,1,1.0,2,0,1,9,10.5
22,27411,1,2.0,0,2,0,4,8.5
44,77285,1,1.5,4,1,1,13,9.5
28,49686,0,1.5,1,2,0,8,2.5
20,22857,1,1.0,4,4,0,2,1.5
50,65422,0,3.0,1,4,1,5,5.5
24,24700,0,1.0,1,3,2,7,6.0
36,72371,1,4.0,4,6,0,6,9.0
40,45693,0,4.0,1,3,1,5,10.5
65,63535,0,2.5,1,5,1,13,6.0
20,17044,0,5.0,0,2,0,14,5.5
40,54818,0,3.5,2,2,1,1,9.5
48,81238,0,2.0,1,3,1,14,1.0
38,70874,0,0.5,2,5,0,6,1.0
20,25331,1,1.0,2,0,2,7,6.5
62,67605,1,5.0,3,5,1,0,8.5
40,74317,1,5.0,3,1,2,14,9.0
40,71174,2,2.0,2,3,2,8,4.5
49,59956,0,0.5,1,5,1,3,8.0
53,88908,1,4.0,3,0,0,7,7.0
48,60837,2,4.5,1,5,1,14,9.0
39,43716,0,2.0,2,2,1,9,4.0
29,59181,1,5.0,1,6,0,6,1.5
21,28494,0,1.5,4,2,0,13,7.0
45,54481,0,1.0,1,4,1,12,9.0
65,54282,0,2.5,1,6,2,9,7.5
32,36548,1,1.5,2,4,0,6,3.5
25,48677,1,5.0,2,5,2,1,8.0
40,77605,1,3.5,0,1,1,0,10.0
60,47758,0,3.0,2,5,2,3,0.0
41,63177,0,0.5,3,0,1,11,3.0
25,54022,0,4.0,4,5,1,1,10.0
58,80761,0,1.0,2,6,0,7,8.5
47,55542,1,2.5,1,2,0,9,5.5
18,24092,0,4.5,0,1,0,6,7.5
30,57660,1,4.0,4,4,1,7,0.0
63,62740,1,1.0,3,5,1,10,7.0
17,25201,0,4.5,0,5,0,5,3.0
59,64817,1,2.5,0,2,1,0,8.0
37,56052,0,5.0,3,1,0,13,1.0
14,17385,0,3.0,1,3,1,12,5.0
22,29308,0,1.5,1,4,2,12,2.5
42,40671,1,1.5,0,5,0,11,2.5
62,40163,0,5.0,1,5,0,8,7.0
57,81424,1,4.0,1,3,2,5,3.0
17,26234,1,5.0,3,4,0,11,5.0
45,54795,0,5.0,1,6,1,12,8.0
13,25634,1,1.0,1,6,1,9,8.5
30,34798,1,1.0,1,0,0,0,10.5
44,62420,0,2.5,1,2,1,0,10.0
59,69300,0,3.0,0,1,0,7,9.0
61,64345,1,1.0,1,5,1,5,3.5
23,25749,0,2.5,3,4,1,7,9.5
33,35827,1,3.5,0,5,0,7,3.5
38,65121,0,5.0,0,0,2,14,10.0
37,77487,0,5.0,0,4,0,10,5.0
34,58411,0,4.0,2,4,2,13,10.0
39,73361,0,3.5,4,5,2,7,1.0
61,61223,1,4.0,0,2,1,9,6.5
25,37394,0,4.5,4,0,1,14,4.0
45,64056,1,2.5,0,2,0,6,0.0
46,78380,1,2.5,3,0,2,6,0.0
53,76035,1,5.0,1,5,0,9,5.5
47,80620,1,2.0,2,0,2,3,5.0
13,18493,0,4.5,2,6,1,8,10.0
33,57177,0,2.5,1,4,1,11,0.0
60,83404,1,1.0,3,1,0,1,9.5
18,17672,0,5.0,3,5,1,10,5.5
40,70911,1,4.0,1,3,1,8,8.0
29,30016,0,3.5,0,1,1,9,7.0
17,18191,1,4.0,0,5,1,2,0.5
43,73160,1,1.5,3,1,0,13,8.5
17,23616,1,2.0,2,6,2,12,7.5
50,89040,1,2.5,1,1,2,14,1.5
15,15571,1,3.0,2,0,0,1,3.5
65,33631,1,0.5,4,1,1,12,0.5
35,46172,1,2.0,2,5,0,3,6.5
49,92080,0,5.0,3,3,1,4,7.0
65,53561,0,2.5,3,3,1,1,4.0
49,74817,0,3.5,1,2,1,12,0.5
22,18897,1,2.5,1,4,2,14,8.0
22,27287,0,0.5,3,1,2,0,4.5
31,54507,1,3.5,1,3,0,9,4.0
29,48663,1,4.0,4,1,0,10,0.5
33,55364,1,3.5,0,4,1,4,9.0
26,53835,1,2.0,0,3,0,8,8.0
21,23906,0,4.0,4,4,0,14,5.0
58,67425,1,2.5,2,1,1,11,8.0
13,15775,1,5.0,1,5,1,11,4.5
63,68602,0,4.5,3,1,2,14,8.5
57,63253,0,5.0,2,4,0,4,2.5
25,48631,1,2.5,2,5,2,11,7.5
16,22088,1,0.5,0,5,2,10,8.5
13,15078,0,4.5,3,2,2,9,9.5
61,48080,1,2.5,4,3,1,8,8.5
52,57099,1,3.0,0,0,1,13,0.0
44,65431,0,2.0,4,5,1,12,1.0
46,81186,2,3.0,4,4,1,11,7.0
40,70111,1,4.0,2,3,0,9,9.5
43,79851,1,1.5,2,6,0,5,4.5
20,29784,1,2.5,1,1,0,2,10.0
51,72614,0,1.0,1,4,1,3,2.0
38,66724,0,1.0,3,6,2,3,7.0
46,91991,0,3.5,4,4,1,0,6.5
15,19940,0,5.0,2,1,1,2,7.0
62,68758,0,5.0,2,2,0,2,4.5
24,29378,1,5.0,0,4,0,12,4.0
13,18456,1,3.0,0,5,1,13,5.5
56,47788,1,2.0,1,0,1,0,3.0
17,26698,1,2.5,0,5,0,12,2.0
42,64034,1,0.5,2,1,1,8,4.5
42,75479,0,3.5,1,4,1,10,3.5
29,41280,0,4.0,3,0,0,0,10.5
60,58052,1,4.5,1,5,1,8,9.5
59,56531,1,4.0,2,0,1,0,7.5
35,62804,0,2.5,2,1,1,1,5.5
27,58903,1,1.5,0,2,2,1,4.0
49,94857,0,5.0,0,2,2,13,4.5
33,40142,1,4.5,1,4,1,5,7.5
26,46749,1,3.0,4,5,1,6,4.5
14,24866,1,2.5,0,6,1,10,4.0
23,19531,2,1.5,3,1,1,0,1.0
63,85454,1,3.0,4,5,0,2,9.0
51,88098,1,1.5,3,5,0,1,5.0
50,88278,1,5.0,0,2,1,7,2.5
46,78138,1,3.0,4,4,1,8,2.5
50,77065,1,2.0,0,0,1,12,7.0
62,69956,0,1.0,1,1,1,1,7.0
46,91732,0,4.0,4,0,1,1,6.0
30,36493,1,2.0,2,3,0,9,10.5
42,50759,0,4.5,1,3,0,14,2.0
27,35439,0,3.5,1,1,0,8,6.5
39,68270,2,1.0,1,4,1,13,10.0
63,53279,1,2.0,2,6,0,3,0.5
46,89279,1,2.5,1,3,1,4,5.5
64,84251,0,1.5,4,2,1,12,9.5
50,73888,0,4.5,4,6,0,10,6.5
45,67630,0,2.5,4,5,1,8,9.0
36,75144,0,1.0,1,3,0,5,9.5
27,49393,0,1.5,2,2,0,9,7.0
42,71182,0,4.5,4,5,2,11,9.5
54,75538,1,3.5,4,6,2,8,8.0
63,51824,1,1.0,1,1,1,8,6.5
29,48211,0,4.5,0,5,2,6,8.5
17,21979,0,2.0,0,0,0,13,10.5
41,66189,1,4.5,2,1,0,11,2.0
16,24832,0,1.0,2,1,1,9,10.5
22,25408,1,5.0,3,6,2,8,5.5
29,42504,0,2.0,1,6,1,4,4.5
22,23569,0,2.5,0,2,2,4,3.5
29,58790,0,1.0,1,2,1,11,2.5
32,50669,0,5.0,1,0,0,7,7.0
36,46910,1,0.5,0,1,1,9,5.5
17,23561,1,3.5,2,4,1,3,2.5
46,96857,1,5.0,2,0,1,8,5.5
18,17196,0,0.5,3,0,1,6,7.0
65,50131,1,4.0,1,4,1,6,5.5
14,23843,1,1.5,1,4,1,12,4.0
25,35978,1,5.0,1,4,0,14,9.0
55,61991,0,3.0,4,6,2,2,10.0
55,57153,0,3.5,0,0,0,3,0.5
60,73548,1,5.0,3,0,1,6,6.0
23,24908,1,0.5,1,5,1,10,6.0
63,79071,0,3.0,4,4,1,10,3.5
59,87454,0,3.5,3,4,2,13,6.0
35,43983,1,3.0,1,2,2,4,1.5
28,39503,1,2.0,2,2,1,11,2.5
43,69921,0,0.5,0,1,1,2,2.5
23,23714,1,4.5,4,2,2,0,10.0
28,46905,1,2.0,1,3,2,6,5.5
20,28070,1,3.5,1,1,2,5,5.5
16,25512,1,3.5,3,4,2,9,8.0
52,73953,0,1.0,3,5,1,14,3.0
16,25422,1,0.5,0,2,1,6,7.0
37,62168,0,4.0,2,5,1,14,8.0
15,19583,1,4.0,1,2,1,13,4.5
44,78714,1,3.5,1,2,1,1,9.5
15,19941,0,4.0,2,5,0,12,2.5
39,79896,1,1.5,1,0,1,11,4.0
41,51889,2,1.0,1,0,1,3,7.0
44,67413,0,3.5,3,0,1,1,7.5
62,52275,1,4.0,0,3,1,7,10.0
63,42461,1,0.5,2,0,1,6,3.5
31,44291,1,5.0,0,2,2,0,7.5
33,44036,0,4.5,0,4,2,1,2.0
17,26435,0,2.0,0,6,1,1,8.5
30,57935,0,2.0,2,5,0,3,9.5
40,73453,1,1.5,3,4,1,2,6.5
54,68544,0,3.0,0,6,0,0,0.5
34,53415,1,0.5,0,4,1,11,1.0
33,58564,0,3.0,4,3,1,13,6.5
18,27258,1,1.0,0,6,2,1,3.0
13,29457,0,4.5,4,1,1,10,7.0
17,24759,0,1.0,0,0,1,8,8.0
53,98758,0,3.5,3,3,1,12,0.0
24,15038,0,0.5,1,4,1,0,4.0
38,50736,1,3.5,4,2,1,8,10.5
58,77643,1,2.5,3,0,2,6,6.5
46,93950,1,4.0,1,0,0,1,7.5
61,74964,1,2.0,0,6,0,1,10.0
26,58044,1,5.0,3,1,1,4,6.0
38,79933,1,3.5,2,0,1,12,2.5
57,55997,1,3.0,0,4,1,4,10.5
39,54215,1,2.5,0,4,1,3,0.0
21,15301,0,2.0,3,5,0,11,10.0
38,63911,1,3.5,1,5,1,9,1.5
59,57030,0,2.5,2,0,2,9,1.0
34,59334,1,2.5,1,6,1,12,8.0
59,54571,1,0.5,4,6,1,11,0.5
42,68927,0,1.0,4,2,1,2,9.0
55,60714,0,2.5,4,3,1,3,9.5
60,83541,1,1.5,0,3,1,9,10.5
29,53387,1,1.0,4,3,1,3,3.5
38,68444,0,2.0,1,1,1,1,7.0
48,98908,1,2.0,2,6,0,4,2.5
13,18537,1,2.0,2,2,0,14,9.5
20,28057,1,2.0,0,5,1,4,0.5
61,85268,2,1.5,4,4,1,4,7.0
47,74858,1,3.5,0,3,0,10,9.5
64,88689,0,4.5,2,5,2,14,5.5
27,41870,1,2.5,3,5,0,10,1.0
59,66062,1,2.0,3,0,1,9,4.5
34,34082,0,1.0,0,1,0,0,6.5
26,43718,0,1.0,1,2,0,5,10.5
38,60567,0,2.5,3,1,1,10,6.5
40,69739,1,3.5,1,0,2,1,1.0
35,43754,1,5.0,1,2,1,6,0.0
26,57044,1,5.0,1,2,2,3,9.5
36,41724,1,4.5,1,6,0,14,0.0
14,16376,1,3.5,4,1,0,4,0.5
57,48706,0,2.5,1,1,0,4,9.0
38,48894,0,5.0,2,6,1,4,4.5
26,48037,0,5.0,1,5,0,1,1.5
63,58450,0,5.0,1,0,2,4,1.5
19,15022,1,3.0,0,1,0,2,6.0
15,17460,1,1.5,1,6,2,3,4.0
59,69725,0,2.5,1,4,2,12,3.0
35,45926,1,4.0,2,2,2,1,7.5
58,79019,1,0.5,1,3,0,3,8.5
55,49496,0,0.5,1,4,0,12,1.0
59,76068,0,3.5,1,6,1,8,9.5
57,69806,0,2.5,0,3,0,7,9.5
30,52663,0,2.5,4,5,1,12,4.5
50,91321,1,0.5,2,0,1,13,10.5
47,86495,0,4.5,0,3,1,14,7.5
63,62656,0,0.5,0,5,2,10,1.0
27,52379,1,2.5,4,3,2,11,5.0
37,65860,2,5.0,0,2,0,2,4.5
49,99666,0,4.5,3,2,1,0,7.5
40,56832,0,2.0,0,2,0,0,3.5
22,21019,0,4.0,4,2,0,5,4.0
51,98231,0,3.0,4,6,1,2,7.0
29,51727,0,1.5,2,2,1,3,10.0
51,92815,1,2.0,0,4,1,0,1.0
34,59545,0,1.0,1,2,0,7,1.5
38,42520,0,0.5,1,4,0,0,6.0
56,43081,1,4.0,1,6,1,4,5.5
37,74196,0,0.5,1,2,2,5,10.0
29,33967,0,0.5,0,5,1,14,4.0
25,36445,0,2.0,2,5,1,1,6.5
32,44566,2,5.0,2,1,1,6,9.0
37,54042,0,5.0,1,5,1,6,3.0
16,24114,1,3.0,0,0,1,0,7.5
22,26329,1,4.5,4,0,1,3,10.5
15,17159,0,0.5,1,0,0,11,9.5
53,87900,2,3.5,3,6,1,12,2.0
57,59363,0,5.0,1,5,0,3,4.5
30,44933,0,2.5,0,4,0,4,8.5
59,83241,1,4.0,1,0,1,0,5.0
48,69033,1,3.5,1,1,0,0,3.0
59,50805,1,2.0,3,6,1,6,6.5
34,33083,0,2.0,2,1,2,8,9.5
46,76832,0,3.0,1,5,2,0,8.5
59,53944,1,3.0,4,2,1,1,5.0
20,18489,0,4.5,1,1,2,5,10.5
52,90372,0,2.5,4,2,0,14,5.5
61,63928,0,4.0,4,6,2,14,8.5
56,55379,0,2.5,0,1,0,5,0.5
31,49018,1,1.0,1,1,1,1,0.0
54,86751,0,3.0,1,3,2,8,4.5
53,84546,2,4.5,2,6,1,3,10.0
49,74286,0,1.5,2,6,1,12,0.0
18,20110,1,0.5,4,0,1,6,2.5
64,52087,0,0.5,3,5,1,5,3.0
38,63762,0,1.5,0,1,0,10,8.0
46,67081,0,5.0,0,1,0,12,4.0
57,74947,0,2.5,2,4,2,10,3.0
18,24596,1,1.5,0,6,1,2,8.0
49,88019,2,4.5,3,6,2,7,1.0
45,92003,1,4.0,1,5,2,6,7.5
65,48313,0,1.5,1,6,1,8,2.0
34,44871,0,4.5,0,2,1,2,9.5
33,31013,0,3.0,3,2,2,0,8.5
18,15226,1,3.5,0,3,0,1,0.0
18,22321,1,2.0,3,2,0,11,1.5
60,41828,1,2.0,1,2,0,10,5.0
16,22909,0,1.0,3,5,1,14,9.5
42,78356,1,2.5,2,1,1,11,4.0
23,28109,0,4.0,0,2,0,0,3.5
42,42023,1,3.5,3,3,1,10,3.5
43,54537,1,3.5,0,6,0,4,2.0
36,66661,1,3.0,1,2,2,14,5.5
21,20891,1,1.5,0,3,0,9,0.0
15,27475,0,2.5,3,5,2,13,7.0
63,73848,1,0.5,4,4,1,1,8.5
43,77804,0,3.5,2,4,0,2,2.5
52,65379,1,4.5,2,4,0,7,4.5
49,77766,0,0.5,3,6,2,14,6.5
48,93590,1,1.0,0,3,0,9,10.0
36,42563,1,1.5,4,2,1,13,3.5
43,76060,1,1.5,0,1,2,4,1.0
18,27813,1,4.0,4,6,0,3,10.5
14,18586,1,3.5,3,6,1,4,10.5
32,46087,1,3.0,3,4,0,9,9.0
40,63225,1,5.0,2,1,2,5,5.5
23,28366,1,5.0,1,4,0,11,5.5
16,21643,0,2.0,2,6,1,6,7.0
27,57523,2,4.5,0,2,2,13,3.0
18,18959,1,0.5,2,4,0,12,1.5
61,51005,1,1.0,2,4,0,8,10.0
42,40161,0,2.0,4,4,1,0,4.0
50,66029,0,1.5,2,6,1,3,10.5
63,89745,1,0.5,0,2,0,11,7.5
14,29226,0,2.5,1,1,2,11,6.0
27,57835,1,3.5,2,0,1,8,1.5
23,27347,1,1.0,0,1,1,4,4.0
20,26154,0,2.5,1,2,1,7,10.0
38,43390,1,3.0,3,5,0,11,8.5
63,45997,1,3.5,2,4,1,0,7.0
57,52693,1,0.5,2,1,1,3,7.0
56,89815,1,3.5,1,5,1,11,2.5
17,24324,0,2.0,3,5,0,13,5.0
18,28387,1,4.0,1,2,1,11,3.5
38,40541,0,2.0,3,2,1,8,10.0
16,20433,1,3.0,0,4,2,12,8.0
31,35093,1,4.5,4,0,1,0,8.0
32,43428,0,2.5,1,3,1,0,8.5
45,93934,1,2.0,1,6,2,3,1.5
32,47251,1,4.0,2,1,1,13,7.0
61,88831,0,4.5,2,2,0,2,0.5
24,25258,2,2.0,0,1,1,6,0.5
59,56044,0,1.5,3,3,0,10,4.5
13,28027,0,4.0,1,3,1,2,1.0
38,45469,1,2.5,4,4,2,0,3.5
26,58854,1,1.0,3,5,1,11,9.5
50,56256,1,5.0,1,4,1,14,3.0
49,60720,1,4.5,3,6,0,10,5.5
23,16169,1,1.5,1,0,2,9,9.0
48,83598,1,1.0,0,1,1,1,7.0
25,31651,0,0.5,4,6,2,9,6.5
55,59194,0,4.0,2,0,1,12,7.5
15,23667,0,1.5,1,1,0,3,6.5
45,77386,0,3.5,1,6,1,0,1.0
18,24518,1,0.5,1,2,0,0,8.5
62,86026,0,0.5,4,1,1,11,10.5
22,16019,0,4.5,0,6,1,13,2.5
17,20237,0,4.0,1,3,1,7,8.0
35,50028,1,1.5,1,0,1,6,6.5
22,27448,1,3.0,1,6,2,13,6.5
56,85253,1,1.5,1,2,2,7,9.5
14,16283,1,2.0,0,4,0,12,6.0
25,47043,1,0.5,0,1,1,3,1.0
52,80447,1,2.5,1,1,1,5,6.0
14,28358,0,0.5,4,1,0,14,0.5
32,48394,1,0.5,0,2,2,12,4.0
13,23590,1,5.0,3,0,1,2,6.0
49,84501,1,3.5,3,1,2,10,3.5
21,28870,1,3.0,3,0,2,12,7.5
29,48509,1,1.0,4,6,2,7,1.0
21,17171,1,1.0,1,3,1,3,6.0
23,23266,1,3.5,0,3,1,2,1.5
27,46230,0,0.5,1,0,1,3,8.5
36,54472,1,1.0,1,0,0,5,0.5
50,95657,0,4.0,3,3,1,10,9.5
47,53471,1,3.0,2,1,1,6,10.5
42,70268,1,1.0,4,5,0,6,10.0
43,48329,0,3.5,0,5,1,13,7.0
61,74865,1,2.0,4,2,1,14,8.0
17,29082,0,1.0,1,4,0,11,4.5
56,86698,1,3.0,1,3,0,3,0.0
62,68272,0,4.5,1,3,0,7,2.5
26,40077,1,4.5,3,2,1,6,1.0
65,36397,0,4.0,1,5,0,1,9.0
23,29316,1,1.5,4,6,0,12,3.0
21,17757,0,1.5,4,1,1,7,6.0
46,74570,1,1.0,4,1,0,8,6.0
24,16900,1,2.5,0,6,1,4,8.0
47,68994,2,2.0,4,6,1,14,0.0
47,73284,1,3.5,3,5,1,3,6.5
13,27178,1,2.0,0,2,1,3,1.0
52,67833,0,4.5,0,6,1,12,6.5
34,55122,0,1.0,0,2,2,3,0.0
41,45017,0,3.0,0,4,1,5,7.5
20,27868,1,3.5,2,0,2,10,4.5
23,28660,1,2.0,4,1,0,3,6.0
53,57999,0,3.0,1,5,1,6,1.5
49,72436,1,3.5,2,1,1,6,4.0
26,40195,1,2.0,4,5,0,4,6.5
42,42096,1,4.0,1,0,0,12,1.5
47,98201,0,4.5,4,1,1,4,4.5
33,55279,0,0.5,2,0,1,14,3.5
49,93363,1,3.5,2,5,0,9,1.0
17,24817,1,4.5,1,6,1,7,3.0
31,49715,0,5.0,2,4,2,6,4.5
26,59309,1,2.5,0,1,0,13,1.0
38,55078,1,1.0,3,0,1,6,0.5
16,22462,1,5.0,1,3,1,5,7.0
37,45105,1,3.0,4,1,1,6,4.0
57,69312,0,3.5,1,1,2,6,7.0
54,52839,0,1.0,0,1,1,9,8.0
37,43384,1,1.0,2,2,1,13,3.0
30,40851,0,5.0,0,0,0,1,9.5
52,92821,0,5.0,3,0,1,13,8.5
20,26048,0,0.5,4,1,1,9,7.0
51,63493,0,2.0,3,6,2,1,8.5
52,67069,0,3.5,0,1,1,13,5.5
26,44139,0,4.5,2,2,2,9,10.0
44,47531,0,1.5,2,5,2,6,3.5
63,77051,0,3.5,3,2,1,13,0.5
50,57736,1,3.5,0,6,1,9,0.5
45,57710,1,3.5,1,1,1,6,2.0
35,41619,1,1.0,2,0,0,6,0.0
27,43975,0,3.0,0,4,1,4,10.5
45,95603,0,1.0,1,3,2,0,1.5
37,63252,1,3.0,1,1,0,13,2.5
29,45261,1,5.0,3,6,1,1,6.0
45,51431,1,1.5,4,0,0,12,9.0
59,49067,0,1.0,2,2,1,8,5.0
14,19713,1,3.0,1,5,2,7,6.0
26,57037,0,1.0,1,5,0,7,3.5
65,39557,0,2.5,4,4,1,9,3.0
52,59435,1,1.0,4,1,1,0,6.0
52,87766,1,1.5,4,2,2,5,0.0
63,40162,0,1.5,3,4,0,14,2.5
51,84742,0,3.0,1,3,2,14,3.0
63,59675,1,3.0,3,3,1,8,7.5
18,23461,0,5.0,1,4,1,14,7.0
18,15631,0,1.5,1,6,1,7,9.5
15,15905,0,1.5,3,5,0,2,0.5
19,26663,1,0.5,0,2,1,3,7.5
63,74782,0,3.5,0,1,1,14,8.0
20,24833,2,4.0,1,0,0,2,7.0
54,57896,1,1.0,1,1,0,5,1.0
64,72972,2,2.0,4,1,1,13,1.5
27,46965,1,5.0,0,2,1,8,5.5
59,81800,0,3.5,0,5,0,14,2.0
41,70508,0,4.0,0,2,1,7,8.0
45,55347,0,0.5,0,0,1,14,2.5
64,70314,0,2.0,0,4,1,14,4.5
42,42643,1,3.0,2,2,0,12,10.5
51,90785,0,1.5,1,6,2,9,8.5
39,58681,0,2.5,3,1,1,3,4.5
48,88328,0,5.0,4,5,1,14,2.5
41,55892,1,4.5,2,3,2,1,2.5
50,97299,0,1.5,0,0,2,12,9.5
45,67073,0,2.5,0,3,0,7,7.0
49,86768,0,4.0,4,1,2,7,1.5
39,70682,1,3.0,2,2,0,13,7.5
45,82262,1,2.0,3,3,0,11,10.5
16,26333,0,4.0,4,6,1,10,3.5
34,55998,0,1.5,4,2,1,5,3.0
14,29289,0,1.5,4,1,1,13,9.0
22,15671,0,2.0,2,3,2,7,8.0
17,22927,1,4.5,1,4,2,8,10.0
22,16171,1,2.5,4,0,0,12,6.0
45,61918,0,4.0,2,3,1,0,7.0
50,91903,1,3.0,0,4,1,8,0.5
25,36342,0,1.5,2,4,1,1,4.5
43,51929,1,4.0,2,3,1,13,6.0
59,42539,1,4.5,4,5,0,12,8.5
48,86727,0,4.0,2,3,2,0,5.0
57,85951,1,2.0,1,1,1,7,6.0
36,62669,0,3.0,4,4,1,7,9.0
64,45432,0,0.5,3,0,0,10,10.5
27,50644,0,2.0,2,1,1,3,2.0
41,58745,0,4.0,1,6,2,7,1.0
20,21164,1,0.5,1,2,1,6,9.0
17,28393,1,1.5,2,3,1,12,6.0
41,68228,1,0.5,0,5,1,1,2.0
59,74521,1,4.5,1,0,1,4,5.5
16,23100,1,1.0,3,5,0,13,6.5
24,25544,0,4.5,1,5,1,9,2.5
57,58322,1,2.0,1,5,1,3,10.5
14,23562,0,1.0,0,3,1,2,4.0
39,62360,1,2.0,1,0,1,0,8.0
43,69055,1,5.0,3,0,1,4,3.5
63,82891,0,3.0,1,4,0,9,6.0
63,56376,1,3.5,0,5,0,7,2.0
48,56588,1,1.5,2,4,2,11,10.5
48,75000,1,1.5,4,4,1,8,10.5
38,46304,0,5.0,2,2,1,6,8.0
55,47345,0,4.0,0,3,1,11,1.0
39,69300,0,2.5,1,3,1,10,2.5
17,22875,0,2.0,4,1,0,0,6.5
32,55470,0,3.5,0,4,2,0,7.0
23,21633,1,3.5,2,3,0,14,6.5
22,29662,0,4.5,1,5,1,0,5.0
52,83365,1,4.5,0,6,1,1,5.0
50,69446,1,2.5,3,5,2,0,4.0
18,17336,1,4.0,3,0,1,3,2.5
20,27880,0,5.0,2,3,1,9,7.0
35,49879,1,0.5,0,3,2,8,5.5
59,72316,1,4.5,0,1,0,11,2.5
38,73340,0,4.0,2,4,0,3,0.0
58,47521,0,3.0,2,6,1,12,7.5
55,46171,1,1.5,0,3,1,3,9.5
24,22097,0,1.5,0,1,1,6,7.0
38,58474,0,4.0,0,1,0,13,0.5
25,43992,0,2.5,4,6,1,10,8.0
52,94629,0,5.0,3,5,2,8,1.0
30,42464,1,3.5,4,5,2,6,1.0
37,61008,0,2.5,0,5,0,0,2.0
45,51633,1,4.0,4,2,1,0,8.0
59,52485,1,5.0,0,4,1,3,8.0
52,93617,1,5.0,2,4,0,3,9.5
55,43648,1,2.0,3,5,0,0,2.5
24,28140,1,1.0,1,6,0,5,0.0
56,57921,0,1.5,1,2,1,9,3.0
48,64357,1,4.0,0,4,0,1,7.0
60,86136,1,3.5,0,5,0,10,3.0
16,18137,1,1.0,2,2,1,4,9.0
17,21985,1,3.0,2,6,0,7,9.5
49,50097,0,4.5,3,5,0,14,10.5
20,26407,0,2.0,2,0,1,2,5.0
54,80575,1,4.5,2,3,1,8,6.5
61,52722,0,1.0,0,6,0,6,6.0
40,52924,1,1.0,0,1,1,8,9.5
43,43750,0,4.5,4,1,0,0,4.0
21,26349,0,3.5,0,6,0,4,4.0
63,48535,0,3.5,2,1,2,11,7.5
41,64487,0,0.5,0,4,0,12,5.5
26,51797,1,3.0,3,6,1,2,4.5
52,80651,0,3.5,3,0,1,3,2.5
53,54666,2,3.0,0,6,2,3,8.5
34,46009,1,3.0,1,5,1,10,0.5
23,15610,0,1.0,2,5,0,11,9.5
35,41727,1,3.0,1,2,0,6,4.0
13,25482,1,2.0,0,1,1,9,9.0
58,74622,1,4.5,3,3,1,10,2.5
49,60800,0,0.5,0,1,0,7,0.5
33,35055,1,4.0,4,4,2,10,7.0
38,58708,1,2.5,2,6,1,9,8.0
58,52819,0,0.5,0,3,2,4,7.5
48,59369,0,2.0,2,3,0,12,10.0
35,49283,1,0.5,2,1,2,12,3.5
13,29189,0,3.0,1,3,1,11,4.5
63,53171,1,1.0,1,3,1,9,4.5
52,80933,0,2.5,1,5,2,6,8.5
27,35774,1,3.5,1,0,2,2,4.5
33,36519,1,1.0,0,6,1,2,4.0
59,50983,0,3.0,1,1,0,2,9.0
21,29548,0,3.0,1,5,2,11,0.0
65,60798,1,2.5,2,4,1,3,1.5
21,16749,1,2.5,2,4,0,5,1.0
22,25867,1,1.5,2,2,2,14,4.5
64,54939,0,5.0,3,3,1,4,5.5
65,30781,0,5.0,3,3,1,7,8.5
38,67624,0,1.0,2,1,0,13,9.5
53,56823,1,3.5,2,0,1,13,2.5
47,68489,0,0.5,1,0,1,11,10.0
64,79961,0,3.0,4,1,2,12,0.5
37,69118,1,3.0,0,1,0,4,4.5
38,74881,1,1.5,1,5,2,10,0.5
23,20879,0,1.0,3,4,2,11,4.0
50,63565,0,1.0,0,1,1,4,4.5
14,18970,1,4.5,0,4,1,13,0.5
19,25183,1,2.5,2,2,1,9,3.5
30,55643,0,3.5,2,4,1,1,8.0
39,63648,1,2.5,3,5,0,11,8.0
46,91971,1,3.5,3,3,0,10,1.5
39,58658,0,2.0,0,3,1,10,8.5
29,51253,0,4.0,0,4,1,4,5.5
55,88563,1,5.0,2,3,1,14,8.0
56,66390,1,5.0,1,3,0,11,4.0
63,63128,0,3.5,2,6,1,6,9.0
36,53489,1,5.0,0,2,1,1,6.5
37,78314,1,2.5,1,5,0,13,6.5
19,21852,0,3.0,2,5,1,12,8.0
64,69450,1,2.5,2,3,1,5,0.5
18,17551,1,3.5,2,0,0,6,3.5
65,36411,0,1.0,1,5,1,4,2.0
36,73243,0,2.5,1,2,0,8,3.0
45,71800,0,5.0,0,1,1,13,10.5
61,50403,1,1.5,0,2,1,3,7.5
41,47239,2,4.5,1,3,1,13,7.5
55,46710,0,3.0,1,3,2,13,8.0
34,51384,1,5.0,2,6,0,12,10.5
38,61038,1,1.5,1,4,2,9,3.0
40,62447,1,3.5,2,5,0,14,9.5
62,42285,0,2.0,4,4,0,0,3.5
33,35223,0,1.5,1,4,1,13,3.5
61,53521,0,4.0,0,5,1,7,5.0
19,29889,1,2.0,0,5,1,14,7.0
29,36971,0,0.5,2,3,1,7,8.5
32,59139,1,3.0,1,5,1,6,2.5
53,69909,0,5.0,0,0,1,7,10.5
61,51531,0,0.5,2,0,1,1,5.5
32,44721,1,2.5,0,1,1,2,7.0
34,49206,1,3.5,2,5,1,8,2.5
40,77711,0,3.0,2,6,0,0,8.5
52,56530,0,1.0,3,1,2,7,9.5
61,51116,2,2.0,0,3,1,7,4.0
19,15258,0,1.0,4,5,1,6,3.5
13,15282,0,0.5,3,0,1,12,6.5
44,53937,1,1.5,0,6,2,13,9.0
25,31898,0,1.5,0,1,1,10,9.0
42,44135,0,3.5,1,6,0,4,3.5
35,46629,0,0.5,3,5,1,3,0.5
63,83936,0,4.5,3,2,1,9,1.5
31,56843,0,3.0,2,6,1,9,2.5
44,59584,0,2.0,4,6,1,12,1.0
42,63551,0,1.5,0,3,2,14,1.0
41,73380,0,1.5,0,0,1,9,9.0
61,86971,1,1.0,4,5,0,13,5.0
57,57071,0,1.0,3,6,0,9,4.5
41,60074,0,5.0,1,5,0,5,5.5
42,65188,1,2.5,3,0,1,11,6.5
28,32307,1,4.5,4,3,1,10,8.5
52,89901,0,1.0,3,5,1,0,4.0
31,41205,1,1.0,3,4,1,12,7.0
30,52893,0,3.0,3,0,0,4,1.0
13,24973,0,5.0,0,0,1,13,5.0
26,35906,1,1.0,3,1,0,3,4.5
63,42591,1,2.0,0,3,1,3,8.5
59,55149,0,3.0,4,3,2,6,1.5
62,84918,0,2.5,1,4,1,8,6.0
14,22183,1,0.5,2,5,1,7,2.5
40,65150,0,3.0,1,2,2,10,10.0
61,71852,1,0.5,0,4,1,12,6.0
62,82870,0,1.5,1,1,2,13,9.5
42,41283,1,5.0,4,3,1,11,2.0
50,83691,1,2.5,4,0,1,7,9.5
63,41125,1,5.0,1,3,0,4,6.5
16,16529,1,2.5,4,4,2,5,6.0
13,29046,1,5.0,3,2,1,1,6.5
20,24786,0,3.0,2,6,2,12,3.5
41,48438,0,5.0,0,6,0,10,7.5
51,70095,0,4.0,4,3,2,13,6.0
15,23004,1,2.5,2,3,1,2,7.0
44,49752,1,0.5,4,1,1,4,9.0
22,21274,0,2.5,3,3,2,1,0.0
22,25592,0,1.5,3,2,2,2,10.5
31,56819,0,2.0,2,3,1,3,0.5
58,76632,1,4.0,1,5,1,5,8.5
46,76515,0,3.5,1,4,1,4,9.0
45,74217,1,2.5,1,2,0,9,3.5
35,63172,2,1.0,0,1,1,3,1.0
40,72994,0,3.0,2,5,1,12,6.5
44,55036,0,3.0,2,5,1,14,4.0
62,51739,0,5.0,4,4,0,1,3.5
19,15264,0,5.0,0,6,1,11,8.0
41,49587,0,3.0,2,2,1,10,7.5
20,26749,0,4.5,0,4,0,4,4.5
13,28745,1,4.0,0,5,0,4,10.0
15,15645,0,4.0,0,1,1,10,4.5
36,70930,1,0.5,3,4,1,6,2.5
35,56299,1,2.5,0,6,0,0,10.5
20,22544,1,3.5,3,5,2,3,8.0
59,70090,0,3.0,0,4,0,10,7.5
49,71953,1,2.5,4,2,2,4,7.0
15,17990,0,4.0,3,6,0,7,10.5
63,86443,1,1.5,4,2,0,11,6.5
45,76475,1,3.0,4,2,1,14,1.5
40,58888,1,2.5,4,2,1,11,1.5
59,83732,0,4.0,4,4,1,7,0.5
20,28537,1,2.0,2,6,1,0,5.0
46,96037,0,4.0,0,4,0,4,1.5
47,59346,0,5.0,1,4,1,9,10.0
44,40587,0,1.0,0,4,0,0,10.0
36,52763,0,4.5,2,5,1,0,7.5
26,56397,0,4.5,2,3,1,1,10.0
44,44079,1,5.0,4,0,2,1,1.5
58,76116,1,5.0,4,5,1,14,0.0
55,60215,0,3.0,1,6,1,14,9.0
28,55817,0,2.0,2,0,1,8,0.5
16,23381,0,2.0,4,0,2,3,4.0
64,70112,0,3.0,1,0,1,2,6.0
49,75556,0,2.5,3,3,0,10,8.5
33,56274,1,3.0,0,4,1,0,7.5
26,48099,0,3.5,2,1,0,11,7.5
43,46450,0,3.5,1,6,1,1,4.5
60,53230,0,4.5,4,3,0,5,4.0
30,59009,1,4.0,2,3,2,8,5.0
19,20433,1,3.0,0,1,0,4,1.5
22,16098,1,3.0,0,0,0,3,4.5
19,22096,1,2.5,1,4,0,12,1.0
45,68710,0,0.5,4,1,0,4,2.5
35,51439,0,4.5,3,1,1,8,1.0
33,39087,1,4.5,1,3,0,11,4.0
31,46021,0,4.5,1,6,1,12,1.0
60,46416,1,4.0,2,2,1,6,8.5
31,36980,0,5.0,3,4,1,7,3.5
48,68058,0,1.5,3,1,1,14,10.5
41,51101,1,0.5,1,4,1,3,3.5
30,37950,1,4.0,3,1,0,10,7.0
14,24122,1,3.5,2,0,1,7,6.0
13,27576,0,2.5,4,4,1,5,3.0
59,67516,1,5.0,4,0,0,4,9.0
17,29607,0,3.5,3,3,1,12,3.5
32,52433,0,5.0,3,0,0,11,4.5
23,16089,0,2.0,1,4,0,6,8.0
54,87346,0,4.5,3,5,2,5,0.0
14,24127,0,5.0,1,4,0,2,6.0
15,25487,0,1.0,1,1,1,4,6.0
35,40155,0,4.5,1,0,1,8,7.5
24,24262,0,4.5,3,6,1,6,4.0
32,31958,0,2.5,0,5,2,11,4.5
17,25693,0,0.5,1,3,1,3,2.5
49,89112,0,3.5,1,2,1,6,2.0
50,88547,1,5.0,0,1,1,4,0.5
42,68795,0,5.0,0,1,2,10,5.0
21,21144,0,2.0,3,6,1,12,4.0
46,71447,0,4.5,3,2,2,14,2.5
65,66598,1,3.0,1,2,1,1,3.5
56,81814,1,1.5,4,3,1,12,4.0
47,75215,1,3.0,3,3,1,5,4.0
64,49794,1,5.0,1,5,2,6,3.5
34,53043,1,3.0,3,1,2,7,5.5
56,73209,1,2.5,4,0,1,5,3.5
36,62424,1,1.0,1,3,1,7,1.0
29,52309,0,5.0,0,6,0,6,6.0
22,29478,0,5.0,4,6,1,1,9.0
42,77396,0,1.0,2,6,1,13,0.5
58,46370,1,3.5,0,4,1,5,8.0
35,49528,1,1.0,2,3,1,8,7.5
44,68276,1,3.0,2,3,1,11,1.5
29,47332,0,2.5,4,6,1,5,8.5
62,84333,0,2.0,2,3,1,3,6.5
63,48179,0,3.5,1,4,2,6,0.5
29,46013,0,4.0,2,0,1,2,6.0
26,52499,1,2.0,2,0,0,4,10.0
21,15459,1,0.5,0,5,1,0,9.5
52,73952,0,0.5,2,1,0,14,8.0
14,19646,1,0.5,3,0,1,9,7.0
57,73160,0,0.5,0,5,0,2,9.5
37,69516,2,2.5,2,2,1,7,2.0
51,60449,0,2.0,1,1,2,8,3.0
21,16138,0,4.5,1,0,1,8,8.5
34,58384,0,1.5,1,4,1,14,5.0
55,61125,0,3.5,1,2,2,9,8.5
58,47418,0,4.0,3,5,0,1,2.0
16,21362,1,3.0,1,0,1,3,6.0
38,42454,1,5.0,3,0,2,4,8.5
41,57761,1,0.5,0,3,1,14,0.5
57,55223,0,4.0,4,2,1,2,9.5
46,56701,1,5.0,2,0,2,12,1.5
35,42597,0,1.5,3,6,1,10,6.0
49,50141,0,4.0,1,4,2,0,7.5
23,17659,1,2.0,1,3,1,5,2.5
18,19596,1,4.0,0,3,0,13,3.5
30,39031,0,0.5,4,0,0,14,7.5
33,45037,0,1.5,1,4,2,9,6.0
54,96738,2,3.0,2,3,0,1,1.5
48,88429,0,4.5,3,1,1,8,0.5
53,56142,0,1.0,1,2,0,0,4.0
50,62109,1,0.5,3,1,1,10,8.5
46,72010,0,5.0,2,5,0,8,8.0
29,38787,0,1.5,3,1,2,6,3.5
49,92864,0,2.0,1,4,1,10,7.0
37,48472,1,2.5,1,6,0,12,4.0
50,99575,1,1.5,0,3,1,9,8.0
24,21999,1,5.0,3,4,1,1,0.5
35,44249,2,1.0,2,3,1,13,2.5
65,64518,1,1.0,1,6,0,5,2.0
54,68351,0,3.5,4,3,1,7,8.0
34,34088,0,4.5,0,1,0,14,0.5
33,50562,1,5.0,4,5,1,1,8.5
39,55282,1,1.0,4,0,0,14,4.5
43,59330,1,3.5,4,6,1,4,4.5
18,24641,1,3.5,3,1,2,12,2.5
39,61778,0,3.5,1,4,1,11,5.5
52,74264,0,1.5,0,1,0,10,8.0
46,55075,0,3.5,3,1,1,5,6.0
24,25412,0,0.5,1,0,0,2,9.5
57,88454,0,5.0,0,2,1,13,7.5
65,58365,1,0.5,3,3,0,11,4.5
19,22230,1,2.5,1,3,1,1,10.0
22,26002,0,1.0,4,4,0,14,0.5
57,53947,0,4.5,3,5,1,10,0.5
29,43686,1,3.5,3,4,1,5,3.0
38,69304,0,2.0,3,2,1,2,2.5
33,47915,1,2.0,4,3,1,1,0.0
40,53074,1,1.0,3,5,1,14,5.5
58,44493,1,2.5,2,4,2,0,6.0
14,24335,1,2.0,1,5,2,13,5.5
55,74228,1,0.5,4,1,0,7,9.0
13,29140,0,4.0,3,6,1,0,4.0
63,71655,0,1.5,1,1,1,11,4.5
65,36816,0,3.0,0,0,0,14,8.0
48,61639,2,2.0,2,3,1,4,8.5
63,87192,0,4.5,0,5,2,10,3.5
38,69492,0,3.5,4,4,1,5,3.0
41,51240,1,4.5,4,6,2,10,4.0
33,56957,1,5.0,0,4,1,11,4.5
23,25461,1,1.5,2,3,0,11,5.5
52,82808,0,0.5,0,5,1,2,7.0
23,20827,0,2.5,3,5,2,13,7.0
48,82762,0,1.5,1,1,1,6,1.5
61,48259,0,3.0,2,6,0,1,1.5
51,64849,0,4.0,1,6,2,6,0.0
52,66232,0,2.0,0,3,1,1,5.5
47,90572,1,2.5,1,5,1,4,0.5
46,74173,0,2.5,0,6,1,6,7.0
59,45374,1,2.0,2,6,1,10,8.0
36,61174,1,2.0,0,4,1,10,3.0
34,53567,0,2.0,2,3,1,13,2.5
17,17524,1,2.0,4,1,1,2,5.5
45,59277,0,2.0,3,4,0,13,9.0
48,81600,0,2.5,4,4,0,10,0.0
59,49885,1,1.0,4,2,1,3,10.0
32,56891,0,1.0,0,0,2,0,6.5
31,51538,2,4.5,0,2,2,2,1.5
47,50778,0,1.0,2,6,0,8,2.0
64,69165,1,3.0,4,5,1,9,0.0
55,41492,0,1.0,4,0,1,4,0.0
29,47044,0,2.5,0,0,0,14,10.0
57,53615,0,2.0,1,5,0,14,2.5
55,84900,1,3.5,0,0,1,7,2.0
46,92946,1,3.5,3,5,0,1,0.5
21,22851,1,3.0,2,0,1,2,10.0
38,56288,1,5.0,0,4,1,6,2.0
14,22156,1,2.5,1,3,0,13,4.0
65,32044,1,0.5,2,3,0,9,9.0
21,22368,1,1.5,3,2,1,3,10.0
21,18516,1,4.5,0,4,0,8,7.0
52,80600,1,0.5,4,0,2,13,6.0
29,43635,1,2.5,2,1,0,6,5.5
13,24250,0,1.0,3,5,0,13,2.0
37,49168,1,2.0,3,4,1,10,0.5
55,60961,1,0.5,0,0,1,11,1.5
52,99879,0,1.5,0,3,1,0,8.5
54,94096,0,5.0,3,3,0,3,10.0
37,63852,0,3.5,0,5,0,9,4.5
51,83110,1,5.0,3,1,1,10,6.0
47,82174,1,1.5,3,0,1,5,5.5
15,16447,0,2.0,3,0,1,5,0.5
62,66955,1,1.0,1,1,1,9,7.0
49,56581,1,1.5,1,1,2,5,6.5
56,84619,0,4.5,2,1,0,4,4.5
56,46317,1,1.5,0,3,1,2,10.5
63,89678,2,2.5,3,5,0,1,3.5
42,66649,1,1.0,3,4,0,2,7.0
50,73132,1,2.0,1,1,0,8,6.0
46,66789,2,3.5,3,5,1,2,3.5
24,29567,1,3.5,0,2,1,2,10.0
31,44868,0,1.5,1,0,1,0,10.0
49,74370,1,2.5,4,0,2,1,10.5
56,82533,1,0.5,4,6,0,10,6.5
61,70483,1,5.0,2,2,0,11,0.0
29,59176,0,5.0,4,4,1,2,6.0
22,18740,1,5.0,2,1,1,1,3.5
61,52466,0,0.5,1,1,1,7,8.5
59,68803,1,2.5,1,4,2,5,10.5
24,16846,0,5.0,4,3,1,6,4.0
28,47862,0,4.5,0,2,1,0,6.0
36,71259,0,0.5,2,1,2,5,1.0
31,30771,0,0.5,2,6,0,1,8.5
20,20525,1,2.0,3,5,0,12,4.5
43,70795,1,2.0,1,0,1,14,2.0
33,46300,1,1.0,1,2,0,5,2.5
29,38770,0,4.5,0,0,1,2,3.5
35,51093,0,4.5,2,5,0,6,3.0
49,96571,1,1.0,3,2,1,2,10.0
28,30193,1,4.5,2,5,1,8,8.5
18,17007,0,3.0,3,1,0,2,6.5
20,16185,1,4.0,0,4,0,6,7.0
37,51190,0,5.0,4,1,0,11,4.5
30,39984,1,2.0,2,4,1,3,10.0
37,72327,1,1.0,0,1,1,7,5.5
24,24302,0,1.0,1,5,0,13,3.0
27,50389,0,4.5,3,5,0,1,3.0
38,42261,1,0.5,4,5,2,7,5.0
53,78369,0,3.5,1,0,0,8,6.0
57,66512,0,1.5,3,5,1,12,7.0
38,46716,1,1.5,0,1,2,7,8.5
59,61259,0,1.0,0,6,1,5,3.0
44,68933,0,5.0,2,5,1,9,2.5
22,23921,1,3.0,2,6,1,0,5.0
28,34378,1,5.0,3,4,1,6,3.5
19,22815,1,1.0,1,1,0,0,9.5
29,43778,1,5.0,0,5,0,6,0.0
35,59835,1,2.0,1,0,0,13,3.5
38,69033,1,5.0,0,0,1,1,3.5
33,54000,0,4.5,0,4,1,7,9.0
34,42728,1,4.5,1,6,1,1,1.0
19,25332,2,3.0,1,3,0,2,2.0
26,39836,0,2.0,1,0,1,12,1.0
27,32800,0,3.5,2,0,2,11,7.0
65,59538,1,0.5,0,0,1,2,6.5
19,28735,0,2.0,0,1,1,0,10.0
21,23333,0,2.5,2,0,0,4,7.0
63,45410,1,4.0,0,2,2,4,8.0
60,57839,2,1.0,2,5,1,9,8.5
20,21892,0,2.5,0,4,0,4,0.5
62,70519,0,3.0,1,0,2,13,5.5
35,45808,0,2.5,0,3,2,12,7.5
41,46796,1,4.5,0,3,0,8,1.5
30,51180,0,5.0,2,0,0,5,0.5
43,57709,0,0.5,4,0,1,5,6.5
42,57543,0,1.5,0,2,2,2,5.0
64,77418,0,1.0,1,0,1,4,6.0
51,79075,1,1.5,3,0,2,9,3.0
47,87755,1,5.0,1,5,1,6,4.5
30,45200,1,4.5,3,3,1,2,0.0
54,87465,1,4.5,0,2,0,1,10.0
51,80502,0,5.0,4,3,1,4,1.5
29,46724,1,1.0,1,2,1,2,8.5
26,33828,1,1.5,1,3,0,4,2.5
43,57087,0,2.0,4,0,0,8,0.5
36,52605,1,4.5,2,3,0,10,1.0
47,81337,0,1.5,2,3,1,9,6.5
56,45482,1,3.5,3,2,0,0,3.5
57,67005,0,1.5,2,4,1,3,7.5
46,72760,2,3.5,0,6,1,9,9.0
15,16800,0,3.5,2,2,0,14,8.5
49,55463,1,4.5,0,2,2,4,2.5
55,86628,1,1.0,3,2,1,1,6.5
52,54912,1,3.0,4,1,0,11,1.0
38,44648,0,4.5,1,4,1,1,7.5
35,73623,1,1.0,1,1,1,0,0.0
56,75634,1,1.0,0,1,1,13,5.5
51,94602,0,2.5,0,2,2,7,6.5
27,46294,0,5.0,4,6,2,1,9.0
61,89334,1,5.0,0,2,0,2,10.5
16,18112,1,5.0,1,0,0,14,9.0
41,62054,0,4.0,3,6,0,11,4.0
34,34492,0,4.5,4,1,1,1,3.0
37,62207,0,1.0,2,3,1,3,6.5
25,45114,1,2.5,2,3,1,13,2.0
30,31517,1,3.5,2,4,0,0,8.5
45,66018,1,3.0,4,5,2,2,4.0
28,51386,2,3.0,2,4,1,4,10.0
57,57740,0,3.5,2,6,1,9,3.0
54,94199,0,1.5,0,1,1,0,4.0
56,48210,0,1.5,0,6,2,3,1.5
14,26595,0,5.0,2,6,1,5,8.0
47,95639,1,4.5,4,3,1,14,5.5
54,62743,1,4.0,4,2,0,3,2.5
46,92092,0,2.5,4,0,0,6,8.5
42,46588,0,3.0,2,5,1,13,3.5
25,33311,1,5.0,3,1,1,6,10.0
25,52432,1,0.5,3,6,0,5,7.0
30,57948,0,5.0,2,5,1,8,1.0
44,73755,2,0.5,1,6,2,1,0.5
44,43321,1,2.0,1,3,0,12,4.0
47,65812,0,1.0,4,0,1,9,3.5
51,87383,1,3.5,1,3,1,7,1.5
58,88280,0,1.0,4,5,1,7,0.5
64,53146,1,5.0,0,1,1,10,6.5
41,53654,2,1.0,3,6,2,9,0.5
61,75820,1,2.5,2,0,2,13,0.5
41,40726,1,2.0,3,3,1,13,10.5
65,33760,0,4.0,1,5,1,10,3.0
56,62190,1,2.0,4,3,1,3,5.5
28,31875,1,3.0,2,6,1,5,2.5
56,63377,1,2.5,1,6,0,10,8.5
59,86737,1,1.0,2,1,1,5,1.5
22,19033,2,4.0,1,0,2,4,9.0
42,78211,1,1.0,1,2,1,13,6.0
37,57373,0,4.5,1,3,0,0,9.5
51,53744,2,4.5,4,6,2,2,10.0
32,57262,1,1.5,2,5,1,6,0.5
17,23611,1,2.0,2,3,1,7,3.5
13,15593,1,4.0,1,1,1,1,9.0
42,72402,0,4.5,1,1,1,2,4.0
61,74542,0,1.5,4,6,2,3,1.5
15,25651,1,2.5,2,6,2,13,7.5
57,73703,1,4.0,4,6,2,10,9.0
26,43395,0,1.5,0,4,2,4,4.5
42,69808,1,3.5,0,2,1,2,2.5
62,76576,0,4.0,4,6,2,4,7.5
16,15331,1,5.0,2,3,2,7,4.5
30,41641,0,1.5,0,3,1,7,6.0
49,74306,0,1.0,1,4,1,13,4.0
37,59086,0,5.0,3,4,0,1,3.0
60,54376,0,3.5,1,0,1,5,1.5
13,27198,1,4.5,2,5,1,3,9.0
65,35889,0,0.5,1,6,2,8,1.5
58,77822,0,1.5,1,3,2,9,9.0
27,33868,1,2.5,4,4,1,1,9.0
21,19200,1,1.5,0,3,1,7,5.5
27,46585,0,0.5,2,3,2,0,6.0
61,74610,2,3.5,3,4,0,10,1.5
36,50058,0,3.5,0,2,1,5,4.5
16,25188,1,5.0,1,4,0,10,10.0
24,28577,1,4.0,2,4,2,10,3.0
49,59101,0,2.5,1,5,2,13,2.0
49,62497,0,5.0,1,4,1,11,8.0
55,44658,0,2.5,1,1,1,9,8.5
18,26381,0,2.5,2,4,2,12,5.0
51,90312,1,0.5,2,3,1,0,7.0
58,80486,0,5.0,2,6,0,1,10.0
36,57154,0,2.5,0,3,1,2,10.5
23,18155,0,3.0,2,5,1,8,3.0
25,57077,0,0.5,4,1,1,4,8.5
46,61777,1,3.5,2,4,1,9,2.5
37,74396,0,0.5,3,2,2,9,8.5
19,28989,1,1.0,2,0,1,11,7.5
64,73154,0,1.0,4,4,2,1,0.5
16,21031,0,2.5,4,6,2,9,9.0
20,26613,1,5.0,0,0,1,4,0.0
32,36439,0,3.5,1,2,0,4,5.0
41,62785,1,0.5,1,5,1,0,9.5
65,43392,1,5.0,1,5,0,2,2.0
63,68669,0,0.5,0,2,0,4,7.5
57,68939,0,0.5,3,3,1,8,0.0
58,42282,0,3.0,0,2,1,9,9.0
22,16856,0,1.0,2,4,0,0,6.5
55,88438,0,0.5,2,6,2,7,1.0
46,74364,0,3.0,0,1,1,0,0.5
38,41998,0,1.0,4,4,0,8,2.0
53,81705,1,3.0,3,4,1,5,8.0
61,78244,1,5.0,1,4,2,0,8.5
15,24428,1,4.0,1,0,1,7,0.0
18,19669,0,1.0,0,0,0,4,7.0
17,27336,0,4.5,3,5,1,6,10.5
17,24342,1,4.0,0,4,0,6,4.0
59,79832,1,5.0,2,3,2,14,2.0
35,47446,1,0.5,3,5,0,6,6.0
61,78392,0,3.5,0,6,0,5,9.0
21,22461,1,5.0,4,2,0,10,4.5
47,84587,1,3.0,0,0,2,7,9.5
32,40516,0,3.0,4,4,0,8,10.0
61,53749,0,3.0,0,6,2,11,6.5
54,67514,1,3.0,2,5,0,14,10.5
47,85426,0,5.0,1,5,0,1,10.0
62,76268,0,3.5,3,0,1,6,5.5
30,54950,1,1.5,2,5,0,14,5.0
29,32120,1,3.0,0,3,1,1,3.0
36,76788,0,1.5,2,5,2,5,8.0
15,25213,0,3.5,1,1,0,1,8.5
44,76027,0,3.5,2,2,2,9,3.0
47,78011,1,4.0,4,5,1,5,9.5
50,92849,0,1.0,1,1,1,1,2.5
25,31823,2,4.5,1,6,2,0,5.0
59,57858,0,2.5,0,5,1,6,5.5
37,58626,0,4.5,2,3,1,2,7.5
21,28467,1,5.0,1,6,2,13,9.0
16,18243,1,2.5,1,4,0,11,9.0
26,36990,0,3.5,0,5,1,13,5.0
49,53134,0,4.5,1,0,2,12,7.5
46,66743,2,2.0,4,1,1,3,5.5
23,29895,0,1.0,1,1,2,12,3.5
53,97775,1,4.5,2,0,1,5,1.0
15,25233,0,1.0,3,2,0,4,0.5
40,41141,1,1.5,3,4,1,3,2.5
41,58019,1,5.0,1,3,0,8,7.5
21,28691,0,1.0,2,1,1,5,9.5
15,19000,1,1.5,4,6,2,5,7.0
37,76129,0,3.0,0,3,1,1,6.5
46,72967,0,1.5,1,1,1,5,0.5
24,22835,1,5.0,0,4,0,6,9.5
54,61172,0,4.0,1,2,1,7,8.5
21,15006,1,3.0,1,4,1,14,6.5
27,33267,0,3.5,3,6,1,13,8.5
52,89332,0,0.5,0,4,1,7,0.5
37,66167,0,1.5,2,3,1,8,0.0
17,19928,0,1.5,2,6,1,9,9.5
23,26456,0,1.0,1,0,1,10,0.5
46,68990,1,3.5,3,5,0,12,4.0
36,45906,1,4.5,1,0,0,11,4.0
27,46028,1,2.0,4,3,1,2,7.5
50,90379,0,2.5,1,5,2,9,5.0
20,15913,0,1.5,2,0,2,14,2.5
17,17011,0,4.5,3,5,1,6,5.5
60,84014,0,2.0,1,1,1,6,1.0
38,51738,1,2.5,0,4,2,0,5.5
30,58797,0,0.5,3,6,1,7,0.0
18,29730,0,1.0,1,5,1,14,4.0
49,61120,1,4.5,4,1,1,3,9.5
60,48767,0,1.0,4,4,0,4,10.5
25,52852,0,2.5,1,4,1,13,2.5
40,53703,0,4.0,1,2,0,5,5.0
17,15929,0,1.5,1,0,0,2,1.0
25,41951,1,3.0,1,2,0,4,1.5
29,50083,0,2.0,3,3,2,9,4.5
62,66039,0,3.5,3,1,1,4,9.0
52,98613,0,5.0,1,2,0,0,2.5
57,69504,0,1.5,0,2,1,2,0.0
44,57438,0,3.0,1,4,1,2,3.5
41,45744,1,5.0,1,1,1,0,3.5
63,58284,1,4.5,3,4,1,12,2.5
15,24649,1,5.0,0,6,1,6,8.0
52,89748,0,0.5,3,5,1,0,9.0
46,57069,1,1.5,2,3,1,6,0.0
52,92359,1,1.0,3,3,0,3,7.0
39,59799,0,4.0,1,0,1,8,6.0
25,30442,1,3.5,2,4,0,6,10.0
57,68226,0,1.0,2,5,1,4,1.0
45,54652,0,3.0,3,0,1,6,0.5
18,22939,1,1.5,1,3,1,8,1.0
36,47597,0,4.0,1,5,1,9,4.0
31,44325,1,5.0,2,2,0,5,7.5
28,34458,0,1.5,0,6,1,0,6.0
52,56591,1,5.0,1,2,2,5,9.0
40,65833,1,4.5,4,6,2,0,8.5
45,61826,1,0.5,0,4,1,12,10.0
60,66417,0,2.5,1,1,0,11,5.5
53,68693,0,1.5,1,0,1,3,5.5
25,44138,0,3.0,2,0,0,13,0.0
55,42169,0,5.0,0,1,0,7,9.5
57,58556,0,1.0,2,5,1,4,3.5
37,62052,1,4.5,0,1,1,14,8.0
65,36313,1,3.0,0,4,1,4,10.0
54,58315,2,3.5,3,3,1,12,9.5
48,58036,0,2.5,1,1,0,9,10.5
39,71778,0,4.5,4,6,1,10,3.0
50,77734,0,0.5,0,3,1,7,4.0
19,21789,1,2.5,1,1,1,7,8.0
17,29019,1,5.0,0,0,0,0,4.5
55,40785,1,3.0,1,2,1,12,1.5
57,46139,1,3.5,4,6,0,12,10.5
63,46344,1,2.0,4,4,0,4,3.0
43,58800,0,0.5,0,6,0,11,3.0
35,65372,0,4.0,2,5,0,4,3.5
54,70538,1,5.0,2,2,1,7,3.5
22,29766,0,2.0,0,6,1,0,7.5
44,54973,0,1.5,0,1,0,6,5.5
55,45619,1,3.5,4,6,2,6,7.0
65,64704,2,1.0,4,6,0,12,3.5
42,76575,1,4.0,4,6,1,8,10.5
51,89919,1,3.0,3,5,1,1,4.0
43,67716,1,3.5,2,6,2,14,1.0
30,33236,0,2.5,1,6,1,2,10.5
48,65848,0,4.5,0,5,1,3,10.0
14,17352,1,2.5,0,3,1,0,7.5
26,31932,1,2.5,2,2,2,14,7.0
25,40913,0,1.5,3,4,1,6,1.5
41,48556,1,0.5,3,3,1,13,9.5
24,19916,0,1.0,4,0,0,9,7.5
51,55498,0,4.0,4,5,1,2,4.5
14,25582,1,0.5,4,5,2,2,5.0
44,49569,0,3.5,0,6,0,2,2.0
25,47823,0,2.5,3,6,1,7,5.0
58,44857,0,1.5,2,4,2,8,6.0
39,40340,1,3.5,1,0,2,9,7.0
61,83949,0,4.5,4,6,1,12,2.5
53,66766,1,1.0,4,1,1,13,7.5
29,59675,1,4.0,0,6,2,1,7.0
52,76132,0,4.5,0,6,1,9,5.0
43,48491,2,1.5,2,1,2,14,9.5
46,50138,0,1.0,2,0,2,9,0.5
36,40358,2,3.5,4,1,1,0,0.5
57,49714,1,2.5,0,5,2,13,5.5
47,69840,2,2.5,0,1,1,8,7.5
60,74395,0,5.0,1,2,0,5,9.0
18,29270,1,2.5,0,5,1,13,0.5
31,55879,0,2.0,0,6,2,14,8.0
42,55996,0,2.5,4,4,0,8,6.5
19,21626,1,2.0,1,5,0,5,7.5
22,20004,0,3.0,1,0,2,1,2.0
53,76762,1,2.0,0,0,0,0,4.5
44,53283,0,1.0,1,1,1,13,8.0
46,89420,0,4.5,3,5,2,7,6.0
40,59554,1,1.0,2,6,0,2,7.5
27,50219,0,4.5,3,0,2,0,4.0
42,74919,1,5.0,1,3,2,14,1.5
49,59429,1,3.0,1,6,1,7,7.5
41,79673,1,4.5,1,3,1,11,5.0
34,49218,0,4.5,1,2,1,0,3.0
16,27452,1,1.5,3,3,0,7,8.0
32,55574,2,0.5,1,0,1,0,10.5
44,58951,1,0.5,2,1,0,8,6.0
48,51307,1,1.5,0,2,1,13,1.5
62,54852,1,2.5,2,5,1,8,6.5
16,23848,1,1.5,4,6,1,11,4.5
39,75428,1,4.5,2,0,1,12,4.5
29,40403,0,4.5,2,2,0,8,4.5
24,25101,0,1.5,4,2,1,2,5.5
34,50114,1,1.5,2,0,1,3,0.5
29,40238,0,2.5,1,5,1,4,4.0
22,21207,1,1.0,1,5,0,5,2.0
13,18162,0,3.0,3,1,2,8,3.5
34,31140,1,3.5,3,4,1,12,10.0
38,64842,0,4.5,1,3,0,10,6.5
30,56421,0,3.0,1,5,1,11,3.0
62,41708,1,1.5,4,1,1,3,3.0
26,33630,1,2.5,0,3,0,13,4.0
59,59595,1,2.0,1,2,1,13,1.0
41,50485,0,2.5,0,0,0,5,6.5
24,26924,1,4.0,3,5,1,12,8.0
48,94789,1,4.0,0,1,2,0,8.5
47,76086,1,3.0,2,2,1,1,5.5
64,56859,0,0.5,0,5,0,7,10.5
24,22684,1,4.0,2,6,2,3,6.5
19,24168,1,4.0,3,4,1,9,6.0
41,41207,2,1.0,1,2,1,6,6.5
23,28331,0,2.0,2,5,1,3,4.0
45,51960,1,1.0,1,2,0,13,9.0
18,15557,1,2.0,1,0,1,8,0.5
59,69689,0,5.0,3,0,1,8,5.0
27,45883,0,3.5,1,4,0,3,8.0
44,53893,0,4.5,3,0,1,12,0.5
63,72272,0,4.0,0,3,0,14,9.0
23,15882,0,4.5,0,6,1,7,3.0
35,77529,1,4.0,1,0,1,5,8.5
38,78635,1,1.0,2,6,0,0,6.0
46,79535,1,3.5,1,0,0,14,2.0
58,52869,1,1.0,3,3,1,6,8.5
46,57166,0,1.0,0,2,1,0,7.5
41,52982,0,2.0,0,5,1,2,7.0
16,22929,1,0.5,3,5,1,7,3.5
29,35347,0,2.5,3,0,1,14,7.0
47,57269,0,3.0,0,5,1,8,0.0
25,56186,0,4.5,2,0,0,2,8.0
53,78064,0,5.0,1,0,0,0,7.0
51,63527,1,4.0,3,4,1,0,6.5
27,32454,0,1.0,4,1,1,6,6.5
41,60878,0,0.5,4,1,1,4,4.5
41,52991,0,1.0,3,4,0,12,0.5
23,17808,1,3.5,1,1,2,13,2.5
64,79410,0,2.0,3,6,0,0,8.0
44,76593,1,5.0,2,1,0,5,2.0
14,18536,0,2.5,0,0,2,13,2.0
59,70386,0,3.5,1,3,1,5,7.0
26,52452,1,1.5,4,3,1,13,7.0
32,45309,0,5.0,4,2,0,3,9.5
34,33802,0,1.0,0,1,1,6,5.0
23,27369,0,3.5,3,3,0,6,2.0
39,61083,1,2.5,3,1,0,11,0.0
15,16970,0,0.5,1,2,0,8,5.0
